title|ser|genre|actors|year|format|score
10 Things I Hate About You|&nbsp;|Comedy, Drama, Romance|Heath Ledger, Julia Stiles, Joseph Gordon-Levitt, Larisa Oleynik|1999|DVD|7.3
10th Kingdom, The|1|Adventure, Comedy, Family, Fantasy, Mystery, Romance|Dianne Wiest, Daniel Lapaine, Kimberly Williams-Paisley, Scott Cohen|2000|DVD|8.4
13th Warrior, The|&nbsp;|Action, Adventure, History|Antonio Banderas, Diane Venora, Dennis Storhøi, Vladimir Kulich|1999|DVD|6.6
3:10 to Yuma|&nbsp;|Action, Crime, Drama, Western|Russell Crowe, Christian Bale, Logan Lerman, Dallas Roberts|2007|DVD|7.7
300|&nbsp;|Action, Fantasy|Gerard Butler, Lena Headey, Dominic West, David Wenham|2006|DVD|7.7
633 Squadron|&nbsp;|War, Drama|Cliff Robertson, George Chakiris, Maria Perschy, Harry Andrews|1964|DVD|6.4
A Christmas Carol|&nbsp;|Animation, Drama, Family, Fantasy|Jim Carrey, Steve Valentine, Daryl Sabara, Sage Ryan|2009|DVD|6.8
A Clockwork Orange|&nbsp;|Crime, Drama, Sci-Fi|Malcolm McDowell, Patrick Magee, Michael Bates, Warren Clarke|1971|DVD|8.3
A Few Good Men|&nbsp;|Drama, Thriller|Tom Cruise, Jack Nicholson, Demi Moore, Kevin Bacon|1992|DVD|7.7
A Fistful of Dollars|&nbsp;|Western|Clint Eastwood, Marianne Koch, Gian Maria Volontè, Wolfgang Lukschy|1964|DVD|8.0
A Knight's Tale|&nbsp;|Action, Adventure, Romance|Heath Ledger, Rufus Sewell, Shannyn Sossamon, Paul Bettany|2001|DVD|6.9
A Perfect World|&nbsp;|Crime, Drama, Thriller|Kevin Costner, Clint Eastwood, Laura Dern, T.J. Lowther|1993|Blu-ray Disc|7.5
A Shot in the Dark|&nbsp;|Comedy, Mystery|Peter Sellers, Elke Sommer, George Sanders, Herbert Lom|1964|DVD|7.5
A Walk Among the Tombstones|&nbsp;|Action, Crime, Drama, Mystery, Thriller|Liam Neeson, Maurice Compte, Patrick McDade, Luciano Acuna Jr.|2014|DVD|6.5
A.I. Artificial Intelligence|&nbsp;|Adventure, Drama, Sci-Fi|Haley Joel Osment, Frances O'Connor, Sam Robards, Jake Thomas|2001|DVD|7.1
Adjustment Bureau, The|&nbsp;|Romance, Sci-Fi, Thriller|Matt Damon, Emily Blunt, Lisa Thoreson, Florence Kastriner|2011|DVD|7.1
Æon Flux|&nbsp;|Action, Adventure, Drama, Mystery, Sci-Fi, Thriller|Charlize Theron, Marton Csokas, Jonny Lee Miller, Sophie Okonedo|2005|DVD|5.5
Airplane!|&nbsp;|Comedy|Kareem Abdul-Jabbar, Lloyd Bridges, Peter Graves, Julie Hagerty|1980|DVD|7.7
Alexander|&nbsp;|Action, Adventure, Biography, Drama, History, Romance, War|Anthony Hopkins, David Bedella, Jessie Kamm, Angelina Jolie|2004|DVD|5.6
Alfie|&nbsp;|Comedy, Drama, Romance|Jude Law, Renée Taylor, Jane Krakowski, Jeff Harding|2004|DVD|6.2
Ali|&nbsp;|Biography, Drama, Sport|Will Smith, Jamie Foxx, Jon Voight, Mario Van Peebles|2001|DVD|6.8
Alice in Wonderland|&nbsp;|Adventure, Family, Fantasy|Johnny Depp, Mia Wasikowska, Helena Bonham Carter, Anne Hathaway|2010|Blu-ray Disc|6.5
Alien|&nbsp;|Horror, Sci-Fi|Tom Skerritt, Sigourney Weaver, Veronica Cartwright, Harry Dean Stanton|1979|DVD|8.5
Alien: Resurrection|&nbsp;|Action, Horror, Sci-Fi|Sigourney Weaver, Winona Ryder, Dominique Pinon, Ron Perlman|1997|DVD|6.2
Alien³|&nbsp;|Action, Horror, Sci-Fi|Sigourney Weaver, Charles S. Dutton, Charles Dance, Paul McGann|1992|DVD|6.4
Aliens|&nbsp;|Action, Adventure, Sci-Fi, Thriller|Sigourney Weaver, Carrie Henn, Michael Biehn, Paul Reiser|1986|DVD|8.4
American Gangster|&nbsp;|Biography, Crime, Drama, Thriller|Denzel Washington, Russell Crowe, Chiwetel Ejiofor, Josh Brolin|2007|DVD|7.8
An Idiot Abroad|1|Documentary, Adventure, Comedy, Reality-TV|Karl Pilkington, Ricky Gervais, Stephen Merchant|2010–2012|DVD|8.3
An Idiot Abroad|2|Documentary, Adventure, Comedy, Reality-TV|Karl Pilkington, Ricky Gervais, Stephen Merchant|2010–2012|DVD|8.3
An Idiot Abroad|3|Documentary, Adventure, Comedy, Reality-TV|Karl Pilkington, Ricky Gervais, Stephen Merchant|2010–2012|DVD|8.3
And Now for Something Completely Different|&nbsp;|Comedy|Graham Chapman, John Cleese, Terry Gilliam, Eric Idle|1971|DVD|7.6
Angel Heart|&nbsp;|Horror, Mystery, Thriller|Mickey Rourke, Robert De Niro, Lisa Bonet, Charlotte Rampling|1987|DVD|7.3
Angels & Demons|&nbsp;|Mystery, Thriller|Tom Hanks, Ewan McGregor, Ayelet Zurer, Stellan Skarsgård|2009|DVD|6.7
Any Which Way You Can|&nbsp;|Action, Comedy|Clint Eastwood, Sondra Locke, Geoffrey Lewis, William Smith|1980|DVD|6.1
Apocalypse Now|&nbsp;|Drama, War|Marlon Brando, Martin Sheen, Robert Duvall, Frederic Forrest|1979|DVD|8.5
Apocalypto|&nbsp;|Action, Adventure, Drama, Thriller|Rudy Youngblood, Dalia Hernández, Jonathan Brewer, Morris Birdyellowhead|2006|DVD|7.8
Armageddon|&nbsp;|Action, Adventure, Sci-Fi, Thriller|Bruce Willis, Billy Bob Thornton, Ben Affleck, Liv Tyler|1998|DVD|6.7
Assassin's Creed|&nbsp;|Action, Adventure, Sci-Fi|Michael Fassbender, Marion Cotillard, Jeremy Irons, Brendan Gleeson|2016|Blu-ray Disc|5.8
Assassination of Jesse James by the Coward Robert Ford, The|&nbsp;|Biography, Crime, Drama, History, Western|Brad Pitt, Mary-Louise Parker, Brooklynn Proulx, Dustin Bollinger|2007|DVD|7.5
Astronaut's Wife, The|&nbsp;|Drama, Sci-Fi, Thriller|Johnny Depp, Charlize Theron, Joe Morton, Clea DuVall|1999|DVD|5.3
Atonement|&nbsp;|Drama, Mystery, Romance, War|Saoirse Ronan, Ailidh Mackay, Brenda Blethyn, Julia West|2007|DVD|7.8
Automata|&nbsp;|Action, Sci-Fi, Thriller|Antonio Banderas, Dylan McDermott, Melanie Griffith, Birgitte Hjort Sørensen|2014|DVD|6.1
Avatar|&nbsp;|Action, Adventure, Fantasy, Sci-Fi|Sam Worthington, Zoe Saldana, Sigourney Weaver, Stephen Lang|2009|DVD|7.8
Bad Boys|&nbsp;|Action, Comedy, Crime, Thriller|Lisa Boyle, Michael Taliferro, Emmanuel Xuereb, Tchéky Karyo|1995|DVD|6.9
Bad Boys II|&nbsp;|Action, Comedy, Crime, Thriller|Martin Lawrence, Will Smith, Jordi Mollà, Gabrielle Union|2003|DVD|6.6
Basic Instinct|&nbsp;|Drama, Mystery, Thriller|Michael Douglas, Sharon Stone, George Dzundza, Jeanne Tripplehorn|1992|DVD|6.9
Basic Instinct 2|&nbsp;|Drama, Mystery, Thriller|Stan Collymore, Sharon Stone, Neil Maskell, David Thewlis|2006|DVD|4.3
Batman|&nbsp;|Action, Adventure|Michael Keaton, Jack Nicholson, Kim Basinger, Robert Wuhl|1989|Blu-ray Disc|7.5
Batman & Robin|&nbsp;|Action, Sci-Fi|Arnold Schwarzenegger, George Clooney, Chris O'Donnell, Uma Thurman|1997|Blu-ray Disc|3.7
Batman Begins|&nbsp;|Action, Adventure, Thriller|Christian Bale, Michael Caine, Liam Neeson, Katie Holmes|2005|Blu-ray Disc|8.3
Batman Forever|&nbsp;|Action, Adventure, Fantasy|Val Kilmer, Tommy Lee Jones, Jim Carrey, Nicole Kidman|1995|Blu-ray Disc|5.4
Batman Returns|&nbsp;|Action, Crime, Fantasy|Michael Keaton, Danny DeVito, Michelle Pfeiffer, Christopher Walken|1992|Blu-ray Disc|7.0
Behind Enemy Lines|&nbsp;|Action, Drama, Thriller, War|Owen Wilson, Gene Hackman, Gabriel Macht, Charles Malik Whitfield|2001|DVD|6.4
Benny & Joon|&nbsp;|Comedy, Drama, Romance|Johnny Depp, Mary Stuart Masterson, Aidan Quinn, Julianne Moore|1993|DVD|7.2
Beowulf|&nbsp;|Animation, Action, Adventure, Fantasy|Robin Wright, Anthony Hopkins, Paul Baker, John Bilezikjian|2007|DVD|6.2
Best of Depeche Mode Videos: Volume 1|&nbsp;|N/A|Vince Clarke, Depeche Mode, Andrew Fletcher, David Gahan|2006|DVD|7.4
BFG, The|&nbsp;|Animation, Adventure, Drama, Family, Fantasy|David Jason, Amanda Root, Angela Thorne, Ballard Berkeley|1987|DVD|6.7
Big Trouble in Little China|&nbsp;|Action, Adventure, Comedy, Fantasy|Kurt Russell, Kim Cattrall, Dennis Dun, James Hong|1986|DVD|7.3
Bill & Ted's Bogus Journey|&nbsp;|Adventure, Comedy, Fantasy, Music, Sci-Fi|Keanu Reeves, Alex Winter, William Sadler, Joss Ackland|1991|DVD|6.3
Bill & Ted's Excellent Adventure|&nbsp;|Adventure, Comedy, Music, Sci-Fi|Keanu Reeves, Alex Winter, George Carlin, Terry Camilleri|1989|DVD|6.9
Billy Elliot|&nbsp;|Drama, Music, Romance|Jamie Bell, Jean Heywood, Jamie Draven, Gary Lewis|2000|DVD|7.7
Billy Elliot|&nbsp;|Comedy, Drama, Music|Elliott Hanna, Ollie Jochim, Bradley Perret, Matteo Zecca|2014|DVD|8.5
Black Hawk Down|&nbsp;|Drama, History, War|Josh Hartnett, Ewan McGregor, Tom Sizemore, Eric Bana|2001|DVD|7.7
Blade|&nbsp;|Action, Horror, Sci-Fi|Wesley Snipes, Stephen Dorff, Kris Kristofferson, N'Bushe Wright|1998|DVD|7.1
Blade II|&nbsp;|Action, Horror, Sci-Fi, Thriller|Wesley Snipes, Kris Kristofferson, Ron Perlman, Leonor Varela|2002|DVD|6.7
Blade II|&nbsp;|Action, Horror, Sci-Fi, Thriller|Wesley Snipes, Kris Kristofferson, Ron Perlman, Leonor Varela|2002|DVD|6.7
Blade Runner|&nbsp;|Sci-Fi, Thriller|Harrison Ford, Rutger Hauer, Sean Young, Edward James Olmos|1982|DVD|8.2
Blade: Trinity|&nbsp;|Action, Horror, Sci-Fi|Wesley Snipes, Kris Kristofferson, Dominic Purcell, Jessica Biel|2004|DVD|5.9
Blow|&nbsp;|Biography, Crime, Drama|Johnny Depp, Penélope Cruz, Franka Potente, Rachel Griffiths|2001|DVD|7.6
Blues Brothers, The|&nbsp;|Adventure, Comedy, Crime, Music, Musical|Tom Erhart, Gerald Walling, John Belushi, Walter Levine|1980|DVD|7.9
Bohemian Rhapsody|&nbsp;|Biography, Drama, Music|Rami Malek, Lucy Boynton, Gwilym Lee, Ben Hardy|2018|Blu-ray Disc (4K UHD)|8.1
Bone Collector, The|&nbsp;|Crime, Drama, Mystery, Thriller|Denzel Washington, Angelina Jolie, Queen Latifah, Michael Rooker|1999|DVD|6.7
Bone Tomahawk|&nbsp;|Drama, Horror, Western|Kurt Russell, Patrick Wilson, Matthew Fox, Richard Jenkins|2015|DVD|7.1
Bones|1|Comedy, Crime, Drama, Mystery, Romance|Emily Deschanel, David Boreanaz, Michaela Conlin, T.J. Thyne|2005–2017|DVD|7.9
Book of Eli, The|&nbsp;|Action, Adventure, Drama, Thriller|Denzel Washington, Gary Oldman, Mila Kunis, Ray Stevenson|2010|Blu-ray Disc|6.9
Boston Legal|1|Comedy, Crime, Drama|James Spader, William Shatner, Candice Bergen, Rene Auberjonois|2004–2008|DVD|8.4
Boston Legal|2|Comedy, Crime, Drama|James Spader, William Shatner, Candice Bergen, Rene Auberjonois|2004–2008|DVD|8.4
Boston Legal|3|Comedy, Crime, Drama|James Spader, William Shatner, Candice Bergen, Rene Auberjonois|2004–2008|DVD|8.4
Boston Legal|4|Comedy, Crime, Drama|James Spader, William Shatner, Candice Bergen, Rene Auberjonois|2004–2008|DVD|8.4
Boston Legal|5|Comedy, Crime, Drama|James Spader, William Shatner, Candice Bergen, Rene Auberjonois|2004–2008|DVD|8.4
Bounty, The|&nbsp;|Action, Adventure, Drama, History, Romance|Mel Gibson, Anthony Hopkins, Laurence Olivier, Edward Fox|1984|DVD|7.1
Bourne Identity, The|&nbsp;|Action, Mystery, Thriller|Matt Damon, Franka Potente, Chris Cooper, Clive Owen|2002|DVD|7.9
Bourne Supremacy, The|&nbsp;|Action, Mystery, Thriller|Matt Damon, Franka Potente, Brian Cox, Julia Stiles|2004|DVD|7.8
Bourne Ultimatum, The|&nbsp;|Action, Mystery, Thriller|Matt Damon, Julia Stiles, David Strathairn, Scott Glenn|2007|DVD|8.0
Boy in the Striped Pajamas, The|&nbsp;|Drama, War|Asa Butterfield, Zac Mattoon O'Brien, Domonkos Németh, Henry Kingsmill|2008|DVD|7.8
Bram Stoker's Dracula|&nbsp;|Horror|Gary Oldman, Winona Ryder, Anthony Hopkins, Keanu Reeves|1992|DVD|7.5
Brassed Off|&nbsp;|Comedy, Drama, Romance|Pete Postlethwaite, Tara Fitzgerald, Ewan McGregor, Stephen Tompkinson|1996|DVD|7.1
Brazil|&nbsp;|Drama, Sci-Fi|Jonathan Pryce, Robert De Niro, Katherine Helmond, Ian Holm|1985|DVD|8.0
Breaking Bad|1|Crime, Drama, Thriller|Bryan Cranston, Anna Gunn, Aaron Paul, Dean Norris|2008–2013|DVD|9.5
Breaking Bad|2|Crime, Drama, Thriller|Bryan Cranston, Anna Gunn, Aaron Paul, Dean Norris|2008–2013|DVD|9.5
Breaking Bad|3|Crime, Drama, Thriller|Bryan Cranston, Anna Gunn, Aaron Paul, Dean Norris|2008–2013|DVD|9.5
Breaking Bad|4|Crime, Drama, Thriller|Bryan Cranston, Anna Gunn, Aaron Paul, Dean Norris|2008–2013|DVD|9.5
Breaking Bad|5|Crime, Drama, Thriller|Bryan Cranston, Anna Gunn, Aaron Paul, Dean Norris|2008–2013|DVD|9.5
Brothers Grimm, The|&nbsp;|Action, Adventure, Comedy, Fantasy, Thriller|Matt Damon, Heath Ledger, Peter Stormare, Lena Headey, Jonathan Pryce, Monica Belucci|2005|DVD|5.9
Bucket List, The|&nbsp;|Adventure, Comedy, Drama|Jack Nicholson, Morgan Freeman, Sean Hayes, Beverly Todd|2007|DVD|7.4
Cape Fear|&nbsp;|Drama, Thriller|Gregory Peck, Robert Mitchum, Polly Bergen, Lori Martin|1962|DVD|7.8
Cape Fear|&nbsp;|Crime, Thriller|Robert De Niro, Nick Nolte, Jessica Lange, Juliette Lewis|1991|DVD|7.3
Captain Phillips|&nbsp;|Biography, Drama, Thriller|Tom Hanks, Catherine Keener, Barkhad Abdi, Barkhad Abdirahman|2013|DVD|7.8
Captain Pugwash|1|Animation, Family|Peter Hawkins|1957–1966|DVD|6.7
Casino|&nbsp;|Crime, Drama|Robert De Niro, Sharon Stone, Joe Pesci, James Woods|1995|DVD|8.2
Casino Royale|&nbsp;|Action, Adventure, Thriller|Daniel Craig, Eva Green, Mads Mikkelsen, Judi Dench|2006|Blu-ray Disc|8.0
Cast Away|&nbsp;|Adventure, Drama, Romance|Paul Sanchez, Lari White, Leonid Citer, David Allen Brooks|2000|DVD|7.8
Cats|&nbsp;|Musical|Elaine Paige, John Mills, Ken Page, Rosemarie Ford|1998|DVD|7.7
Charlie and the Chocolate Factory|&nbsp;|Adventure, Comedy, Family, Fantasy, Musical|Johnny Depp, Freddie Highmore, David Kelly, Helena Bonham Carter|2005|DVD|6.7
Chicago|&nbsp;|Comedy, Crime, Musical|Taye Diggs, Cliff Saunders, Catherine Zeta-Jones, Renée Zellweger|2002|DVD|7.2
Children of Men|&nbsp;|Drama, Sci-Fi, Thriller|Clive Owen, Juan Gabriel Yacuzzi, Michael Caine, Mishal Husain|2006|DVD|7.9
Chocolat|&nbsp;|Drama, Romance|Alfred Molina, Carrie-Anne Moss, Aurelien Parent Koenig, Antonio Gil|2000|DVD|7.3
Chronicles of Riddick, The|&nbsp;|Action, Adventure, Sci-Fi, Thriller|Vin Diesel, Colm Feore, Thandie Newton, Judi Dench|2004|DVD|6.7
Chronicles of Riddick: Dark Fury|&nbsp;|Action, Animation, Sci-Fi, Short|Vin Diesel, Rhiana Griffith, Keith David, Roger Jackson|2004|DVD|6.6
Cinderella Man|&nbsp;|Biography, Drama, Sport|Russell Crowe, Renée Zellweger, Paul Giamatti, Craig Bierko|2005|DVD|8.0
Clash of the Titans|&nbsp;|Action, Adventure, Fantasy|Sam Worthington, Liam Neeson, Ralph Fiennes, Jason Flemyng|2010|DVD|5.8
Cloud Atlas|&nbsp;|Action, Drama, Mystery, Sci-Fi|Tom Hanks, Halle Berry, Jim Broadbent, Hugo Weaving|2012|DVD|7.5
Coco|&nbsp;|Animation, Adventure, Family, Fantasy, Music, Mystery|Anthony Gonzalez, Gael García Bernal, Benjamin Bratt, Alanna Ubach|2017|DVD|8.4
Cold Mountain|&nbsp;|Adventure, Drama, History, Romance, War|Jude Law, Nicole Kidman, Renée Zellweger, Eileen Atkins|2003|DVD|7.2
Coldplay: Live 2003|&nbsp;|Documentary, Music|Coldplay, Guy Berryman, Jon Buckland, Will Champion|2003|DVD|8.4
Colgate Comedy Hour, The|4|Comedy, Romance|Jerry Lewis, Dean Martin|1950–1955|DVD|7.6
Colombiana|&nbsp;|Action, Drama, Thriller|Zoe Saldana, Jordi Mollà, Lennie James, Amandla Stenberg|2011|DVD|6.4
Commitments, The|&nbsp;|Comedy, Drama, Music|Robert Arkins, Michael Aherne, Angeline Ball, Maria Doyle Kennedy|1991|DVD|7.6
Conan the Destroyer|&nbsp;|Action, Adventure, Fantasy|Arnold Schwarzenegger, Grace Jones, Wilt Chamberlain, Mako|1984|DVD|5.9
Confessions of a Shopaholic|&nbsp;|Comedy, Family, Romance|Isla Fisher, Hugh Dancy, Krysten Ritter, Joan Cusack|2009|DVD|5.9
Conspiracy Theory|&nbsp;|Action, Mystery, Thriller|Mel Gibson, Julia Roberts, Patrick Stewart, Cylk Cozart|1997|DVD|6.7
Constantine|&nbsp;|Action, Fantasy, Horror, Mystery|Keanu Reeves, Rachel Weisz, Shia LaBeouf, Djimon Hounsou|2005|DVD|7.0
Contagion|&nbsp;|Drama, Thriller|Gwyneth Paltrow, Tien You Chui, Josie Ho, Daria Strokous|2011|DVD|6.6
Coogan's Bluff|&nbsp;|Action, Comedy, Crime|Clint Eastwood, Lee J. Cobb, Susan Clark, Tisha Sterling|1968|DVD|6.5
Cool Runnings|&nbsp;|Adventure, Comedy, Family, History, Sport|Leon, Doug E. Doug, Rawle D. Lewis, Malik Yoba|1993|DVD|6.9
Corpse Bride|&nbsp;|Animation, Drama, Family, Fantasy, Musical, Romance|Johnny Depp, Helena Bonham Carter, Emily Watson, Tracey Ullman|2005|DVD|7.4
Coyote Ugly|&nbsp;|Comedy, Drama, Music, Romance|Piper Perabo, Adam Garcia, John Goodman, Maria Bello|2000|DVD|5.6
Crouching Tiger, Hidden Dragon|&nbsp;|Action, Adventure, Fantasy, Romance|Yun-Fat Chow, Michelle Yeoh, Ziyi Zhang, Chen Chang|2000|DVD|7.9
Cry-Baby|&nbsp;|Comedy, Musical|Johnny Depp, Amy Locane, Susan Tyrrell, Polly Bergen|1990|DVD|6.5
Curious Case of Benjamin Button, The|&nbsp;|Drama, Fantasy, Romance|Cate Blanchett, Brad Pitt, Julia Ormond, Faune Chambers Watkins|2008|DVD|7.8
Da Vinci Code, The|&nbsp;|Mystery, Thriller|Tom Hanks, Audrey Tautou, Ian McKellen, Jean Reno|2006|DVD|6.6
Damien: Omen II|&nbsp;|Horror|William Holden, Lee Grant, Jonathan Scott-Taylor, Robert Foxworth|1978|DVD|6.3
Dances with Wolves|&nbsp;|Adventure, Drama, Western|Kevin Costner, Mary McDonnell, Graham Greene, Rodney A. Grant|1990|DVD|8.0
Danish Girl, The|&nbsp;|Biography, Drama, History, Romance|Alicia Vikander, Eddie Redmayne, Tusse Silberg, Adrian Schiller|2015|Blu-ray Disc|7.1
Daredevil|&nbsp;|Action, Crime|Ben Affleck, Jennifer Garner, Colin Farrell, Michael Clarke Duncan|2003|DVD|5.3
Dark Crystal, The|&nbsp;|Adventure, Family, Fantasy|Jim Henson, Kathryn Mullen, Frank Oz, Dave Goelz|1982|DVD|7.2
Dark Knight Rises, The|&nbsp;|Action, Thriller|Christian Bale, Gary Oldman, Tom Hardy, Joseph Gordon-Levitt|2012|Blu-ray Disc|8.4
Dark Knight, The|&nbsp;|Action, Crime, Drama, Thriller|Christian Bale, Heath Ledger, Aaron Eckhart, Michael Caine|2008|Blu-ray Disc|9.0
Dark Shadows|&nbsp;|Comedy, Fantasy, Horror|Johnny Depp, Michelle Pfeiffer, Helena Bonham Carter, Eva Green|2012|Blu-ray Disc|6.2
Dawn of the Planet of the Apes|&nbsp;|Action, Adventure, Drama, Sci-Fi|Andy Serkis, Jason Clarke, Gary Oldman, Keri Russell|2014|Blu-ray Disc|7.6
Day After Tomorrow, The|&nbsp;|Action, Adventure, Sci-Fi, Thriller|Dennis Quaid, Jake Gyllenhaal, Emmy Rossum, Dash Mihok|2004|DVD|6.4
Days of Thunder|&nbsp;|Action, Drama, Sport|Tom Cruise, Nicole Kidman, Robert Duvall, Randy Quaid|1990|DVD|5.9
Dead Poets Society|&nbsp;|Comedy, Drama|Robin Williams, Robert Sean Leonard, Ethan Hawke, Josh Charles|1989|DVD|8.1
Dead Pool, The|&nbsp;|Action, Crime, Mystery, Thriller|Clint Eastwood, Patricia Clarkson, Liam Neeson, Evan C. Kim|1988|DVD|6.3
Death Kiss|&nbsp;|Action, Crime, Drama|Robert Bronzi, Daniel Baldwin, Richard Tyson, Eva Hamilton|2018|DVD|4.5
Death Wish|&nbsp;|Action, Crime, Drama, Thriller|Bruce Willis, Vincent D'Onofrio, Elisabeth Shue, Camila Morrone|2018|DVD|6.4
Deer Hunter, The|&nbsp;|Drama, War|Robert De Niro, John Cazale, John Savage, Christopher Walken|1978|DVD|8.1
Defiance|&nbsp;|Action, Drama, History, Thriller, War|Daniel Craig, Liev Schreiber, Jamie Bell, Alexa Davalos|2008|DVD|7.2
Deja Vu|&nbsp;|Action, Crime, Sci-Fi, Thriller|Denzel Washington, Paula Patton, Val Kilmer, Jim Caviezel|2006|DVD|7.1
Deliverance|&nbsp;|Adventure, Drama, Thriller|Jon Voight, Burt Reynolds, Ned Beatty, Ronny Cox|1972|DVD|7.7
Depeche Mode: 101|&nbsp;|Documentary, Music|Andrew Fletcher, David Gahan, Martin Gore, Alan Wilder|1989|DVD|8.2
Depeche Mode: One Night in Paris|&nbsp;|Documentary, Music|Andrew Fletcher, David Gahan, Martin Gore, Christian Eigner|2002|DVD|8.6
Depeche Mode: The Videos 86>98+|&nbsp;|Music|Depeche Mode, David Gahan, Martin Gore, Andrew Fletcher|2002|DVD|8.5
Desperado|&nbsp;|Action, Thriller|Antonio Banderas, Salma Hayek, Joaquim de Almeida, Cheech Marin|1995|DVD|7.2
Devil's Rejects, The|&nbsp;|Horror|Sid Haig, Bill Moseley, Sheri Moon Zombie, William Forsythe|2005|DVD|6.9
Die Another Day|&nbsp;|Action, Adventure, Thriller|Pierce Brosnan, Halle Berry, Toby Stephens, Rosamund Pike|2002|Blu-ray Disc|6.1
Die Hard|&nbsp;|Action, Thriller|Bruce Willis, Bonnie Bedelia, Reginald VelJohnson, Paul Gleason|1988|DVD|8.2
Die Hard 2|&nbsp;|Action, Thriller|Bruce Willis, Bonnie Bedelia, William Atherton, Reginald VelJohnson|1990|DVD|7.1
Die Hard with a Vengeance|&nbsp;|Action, Adventure, Thriller|Bruce Willis, Jeremy Irons, Samuel L. Jackson, Graham Greene|1995|DVD|7.6
Dirty Dancing|&nbsp;|Drama, Music, Romance|Jennifer Grey, Patrick Swayze, Jerry Orbach, Cynthia Rhodes|1987|DVD|6.9
Dirty Harry|&nbsp;|Action, Crime, Thriller|Clint Eastwood, Harry Guardino, Reni Santoni, John Vernon|1971|DVD|7.8
Dirty Harry|&nbsp;|Action, Crime, Thriller|Clint Eastwood, Harry Guardino, Reni Santoni, John Vernon|1971|Blu-ray Disc|7.8
Django Unchained|&nbsp;|Drama, Western|Jamie Foxx, Christoph Waltz, Leonardo DiCaprio, Kerry Washington|2012|Blu-ray Disc|8.4
Doctor Who|1|Adventure, Drama, Family, Mystery, Sci-Fi|Matt Smith, David Tennant, Peter Capaldi, Jenna Coleman|2005–|DVD|8.7
Doctor Who|2|Adventure, Drama, Family, Mystery, Sci-Fi|Matt Smith, David Tennant, Peter Capaldi, Jenna Coleman|2005–|DVD|8.7
Doctor Who|3|Adventure, Drama, Family, Mystery, Sci-Fi|Matt Smith, David Tennant, Peter Capaldi, Jenna Coleman|2005–|DVD|8.7
Doctor Who|4|Adventure, Drama, Family, Mystery, Sci-Fi|Matt Smith, David Tennant, Peter Capaldi, Jenna Coleman|2005–|DVD|8.7
Dogma|&nbsp;|Adventure, Comedy, Drama, Fantasy|Bud Cort, Barret Hackney, Jared Pfennigwerth, Kitao Sakurai|1999|DVD|7.3
Domino|&nbsp;|Action, Biography, Crime, Drama, Thriller|Keira Knightley, Mickey Rourke, Edgar Ramírez, Delroy Lindo|2005|DVD|6.0
Don Juan DeMarco|&nbsp;|Comedy, Drama, Romance|Marlon Brando, Johnny Depp, Faye Dunaway, Géraldine Pailhas|1994|DVD|6.7
Donnie Brasco|&nbsp;|Biography, Crime, Drama|Al Pacino, Johnny Depp, Michael Madsen, Bruno Kirby|1997|DVD|7.8
Donnie Darko|&nbsp;|Drama, Sci-Fi, Thriller|Jake Gyllenhaal, Holmes Osborne, Maggie Gyllenhaal, Daveigh Chase|2001|DVD|8.1
Doors, The|&nbsp;|Biography, Drama, Music|Val Kilmer, Meg Ryan, Kyle MacLachlan, Frank Whaley|1991|DVD|7.2
Double Jeopardy|&nbsp;|Crime, Drama, Mystery, Thriller|Tommy Lee Jones, Ashley Judd, Benjamin Weir, Jay Brazeau|1999|DVD|6.4
Dr. No|&nbsp;|Action, Adventure, Thriller|Sean Connery, Ursula Andress, Joseph Wiseman, Jack Lord|1962|Blu-ray Disc|7.3
DragonHeart|&nbsp;|Action, Adventure, Fantasy|Dennis Quaid, David Thewlis, Pete Postlethwaite, Dina Meyer|1996|DVD|6.4
Dune|&nbsp;|Action, Adventure, Sci-Fi|Francesca Annis, Leonardo Cimino, Brad Dourif, José Ferrer|1984|DVD|6.6
Eagle Has Landed, The|&nbsp;|Adventure, Drama, Thriller, War|Michael Caine, Donald Sutherland, Robert Duvall, Jenny Agutter|1976|DVD|6.9
East Is East|&nbsp;|Comedy, Drama|Om Puri, Linda Bassett, Jordan Routledge, Archie Panjabi|1999|DVD|6.9
Eastwood Directs: The Untold Story|&nbsp;|Documentary|Kevin Bacon, John Calley, Kevin Costner, Joel Cox|2013|Blu-ray Disc|6.7
Eastwood Factor, The|&nbsp;|Documentary|Morgan Freeman, Clint Eastwood, Deborah Hopper|2010|Blu-ray Disc|6.8
Ed Wood|&nbsp;|Biography, Comedy, Drama|Johnny Depp, Martin Landau, Sarah Jessica Parker, Patricia Arquette|1994|DVD|7.9
Edge of Darkness|&nbsp;|Crime, Drama, Mystery, Thriller|Mel Gibson, Ray Winstone, Danny Huston, Bojana Novakovic|2010|DVD|6.6
Edge of Tomorrow|&nbsp;|Action, Sci-Fi|Tom Cruise, Emily Blunt, Brendan Gleeson, Bill Paxton|2014|DVD|7.9
Edward Scissorhands|&nbsp;|Drama, Fantasy, Romance|Johnny Depp, Winona Ryder, Dianne Wiest, Anthony Michael Hall|1990|DVD|7.9
Eight Below|&nbsp;|Adventure, Drama, Family|Paul Walker, Bruce Greenwood, Moon Bloodgood, Wendy Crewson|2006|DVD|7.3
El Mariachi|&nbsp;|Action, Crime, Thriller|Carlos Gallardo, Consuelo Gómez, Jaime de Hoyos, Peter Marquardt|1992|DVD|6.9
Elektra|&nbsp;|Action, Adventure, Crime, Fantasy, Thriller|Jennifer Garner, Goran Visnjic, Kirsten Zien, Will Yun Lee|2005|DVD|4.7
Elizabeth|&nbsp;|Biography, Drama, History|Liz Giles, Rod Culbertson, Paul Fox, Terence Rigby|1998|DVD|7.4
Elizabeth: The Golden Age|&nbsp;|Biography, Drama, History, War|Jordi Mollà, Aimee King, Cate Blanchett, Laurence Fox|2007|DVD|6.8
Elysium|&nbsp;|Action, Drama, Sci-Fi|Matt Damon, Jodie Foster, Sharlto Copley, Alice Braga|2013|DVD|6.6
End of Days|&nbsp;|Action, Fantasy, Horror, Thriller|Arnold Schwarzenegger, Gabriel Byrne, Robin Tunney, Kevin Pollak|1999|DVD|5.7
Enemy at the Gates|&nbsp;|Drama, History, War|Jude Law, Ed Harris, Rachel Weisz, Joseph Fiennes|2001|DVD|7.6
Enemy of the State|&nbsp;|Action, Crime, Mystery, Thriller|Will Smith, Gene Hackman, Jon Voight, Lisa Bonet|1998|DVD|7.3
Enforcer, The|&nbsp;|Action, Crime, Thriller|Clint Eastwood, Tyne Daly, Harry Guardino, Bradford Dillman|1976|DVD|6.8
Equalizer, The|&nbsp;|Action, Crime, Thriller|Denzel Washington, Marton Csokas, Chloë Grace Moretz, David Harbour|2014|Blu-ray Disc|7.2
Escape from L.A.|&nbsp;|Action, Adventure, Sci-Fi, Thriller|Kurt Russell, Steve Buscemi, Peter Fonda, Cliff Robertson|1996|DVD|5.7
Escape from New York|&nbsp;|Action, Adventure, Sci-Fi|Kurt Russell, Lee Van Cleef, Ernest Borgnine, Donald Pleasence|1981|DVD|7.2
Evelyn|&nbsp;|Drama|Sophie Vavasseur, Niall Beagan, Hugh McDonagh, Pierce Brosnan|2002|DVD|7.0
Every Which Way but Loose|&nbsp;|Action, Comedy|Clint Eastwood, Sondra Locke, Geoffrey Lewis, Beverly D'Angelo|1978|DVD|6.3
Ex Machina|&nbsp;|Drama, Mystery, Sci-Fi, Thriller|Domhnall Gleeson, Alicia Vikander, Oscar Isaac, Sonoya Mizuno|2014|DVD|7.7
Excalibur|&nbsp;|Adventure, Drama, Fantasy, Romance|Nigel Terry, Helen Mirren, Nicholas Clay, Cherie Lunghi|1981|DVD|7.4
Exit Wounds|&nbsp;|Action, Comedy, Crime, Drama, Thriller|Steven Seagal, DMX, Isaiah Washington, Anthony Anderson|2001|DVD|5.5
Exodus: Gods and Kings|&nbsp;|Action, Adventure, Drama, Fantasy|Christian Bale, Joel Edgerton, John Turturro, Aaron Paul|2014|DVD|6.0
Fallen|&nbsp;|Action, Crime, Drama, Fantasy, Mystery, Thriller|Denzel Washington, John Goodman, Donald Sutherland, Embeth Davidtz|1998|DVD|7.0
Family Man, The|&nbsp;|Comedy, Drama, Fantasy, Romance|Nicolas Cage, Téa Leoni, Don Cheadle, Jeremy Piven|2000|DVD|6.7
Fantastic Beasts and Where to Find Them|&nbsp;|Adventure, Family, Fantasy|Eddie Redmayne, Sam Redford, Scott Goldman, Tim Bentinck|2016|DVD|7.3
Far and Away|&nbsp;|Adventure, Drama, Romance, Western|Tom Cruise, Nicole Kidman, Thomas Gibson, Robert Prosky|1992|DVD|6.6
Ferris Bueller's Day Off|&nbsp;|Comedy|Matthew Broderick, Alan Ruck, Mia Sara, Jeffrey Jones|1986|DVD|7.8
Fifth Element, The|&nbsp;|Action, Adventure, Sci-Fi|Bruce Willis, Gary Oldman, Ian Holm, Milla Jovovich|1997|DVD|7.7
Fight Club|&nbsp;|Drama|Edward Norton, Brad Pitt, Meat Loaf, Zach Grenier|1999|DVD|8.8
Filth|&nbsp;|Comedy, Crime, Drama|James McAvoy, Jamie Bell, Eddie Marsan, Imogen Poots|2013|DVD|7.1
Final Conflict, The|&nbsp;|Horror|Sam Neill, Rossano Brazzi, Don Gordon, Lisa Harrow|1981|DVD|5.6
Final Destination|&nbsp;|Horror, Thriller|Devon Sawa, Ali Larter, Kerr Smith, Kristen Cloke|2000|DVD|6.7
Final Destination 2|&nbsp;|Horror, Thriller|Ali Larter, A.J. Cook, Michael Landes, David Paetkau|2003|DVD|6.2
Final Destination 3|&nbsp;|Horror, Thriller|Mary Elizabeth Winstead, Ryan Merriman, Kris Lemche, Alexz Johnson|2006|DVD|5.8
Finding Forrester|&nbsp;|Drama|Sean Connery, Rob Brown, F. Murray Abraham, Anna Paquin|2000|DVD|7.3
Finding Neverland|&nbsp;|Biography, Drama, Family|Johnny Depp, Kate Winslet, Julie Christie, Radha Mitchell|2004|DVD|7.7
First Knight|&nbsp;|Action, Adventure, Romance|Sean Connery, Richard Gere, Julia Ormond, Ben Cross|1995|DVD|6.0
Flags of our Fathers|&nbsp;|Drama, History, War|Ryan Phillippe, Jesse Bradford, Adam Beach, John Benjamin Hickey|2006|Blu-ray Disc|7.1
Flash Gordon|&nbsp;|Action, Adventure, Sci-Fi|Sam J. Jones, Melody Anderson, Max von Sydow, Topol|1980|DVD|6.5
Flash Gordon|&nbsp;|Action, Adventure, Sci-Fi|Sam J. Jones, Melody Anderson, Max von Sydow, Topol|1980|Blu-ray Disc|6.5
For a Few Dollars More|&nbsp;|Western|Clint Eastwood, Lee Van Cleef, Gian Maria Volontè, Mario Brega|1965|DVD|8.3
Formula 51|&nbsp;|Action, Comedy, Crime, Thriller|Samuel L. Jackson, Nigel Whitmey, Robert Jezek, Emily Mortimer|2001|DVD|6.3
Fourth Protocol, The|&nbsp;|Thriller|Michael Caine, Pierce Brosnan, Ned Beatty, Joanna Cassidy|1987|DVD|6.5
French Connection II|&nbsp;|Action, Crime, Drama, Thriller|Gene Hackman, Fernando Rey, Bernard Fresson, Philippe Léotard|1975|DVD|6.8
French Connection, The|&nbsp;|Action, Crime, Drama, Thriller|Gene Hackman, Fernando Rey, Roy Scheider, Tony Lo Bianco|1971|DVD|7.8
Frequency|&nbsp;|Crime, Drama, Mystery, Sci-Fi, Thriller|Dennis Quaid, Jim Caviezel, Shawn Doyle, Elizabeth Mitchell|2000|DVD|7.4
From Hell|&nbsp;|Horror, Mystery, Thriller|Johnny Depp, Heather Graham, Ian Holm, Robbie Coltrane|2001|DVD|6.8
From Russia with Love|&nbsp;|Action, Adventure, Thriller|Sean Connery, Daniela Bianchi, Pedro Armendáriz, Lotte Lenya|1963|Blu-ray Disc|7.5
Full Metal Jacket|&nbsp;|Drama, War|Matthew Modine, Adam Baldwin, Vincent D'Onofrio, R. Lee Ermey|1987|DVD|8.3
Full Monty, The|&nbsp;|Comedy, Drama|Robert Carlyle, Mark Addy, Wim Snape, Steve Huison|1997|DVD|7.2
Fury|&nbsp;|Action, Drama, War|Brad Pitt, Shia LaBeouf, Logan Lerman, Michael Peña|2014|Blu-ray Disc|7.6
Gauntlet, The|&nbsp;|Action, Crime, Thriller|Clint Eastwood, Sondra Locke, Pat Hingle, William Prince|1977|Blu-ray Disc|6.4
General's Daughter, The|&nbsp;|Crime, Drama, Mystery, Thriller|John Travolta, Madeleine Stowe, James Cromwell, Timothy Hutton|1999|DVD|6.3
Get Carter|&nbsp;|Crime, Thriller|Michael Caine, Ian Hendry, Britt Ekland, John Osborne|1971|DVD|7.5
Ghost|&nbsp;|Drama, Fantasy, Romance, Thriller|Patrick Swayze, Demi Moore, Whoopi Goldberg, Tony Goldwyn|1990|DVD|7.0
Ghost Ship|&nbsp;|Horror|Gabriel Byrne, Julianna Margulies, Ron Eldard, Desmond Harrington|2002|DVD|5.5
Girl on the Train, The|&nbsp;|Crime, Drama, Mystery, Thriller|Emily Blunt, Haley Bennett, Rebecca Ferguson, Justin Theroux|2016|DVD|6.5
Girl Who Kicked the Hornet's Nest, The|&nbsp;|Crime, Drama, Thriller|Michael Nyqvist, Noomi Rapace, Lena Endre, Annika Hallin|2009|Blu-ray Disc|7.3
Girl Who Played with Fire, The|&nbsp;|Crime, Drama, Mystery, Thriller|Michael Nyqvist, Noomi Rapace, Lena Endre, Peter Andersson|2009|Blu-ray Disc|7.2
Girl with the Dragon Tattoo, The|&nbsp;|Crime, Drama, Mystery, Thriller|Michael Nyqvist, Noomi Rapace, Lena Endre, Sven-Bertil Taube|2009|Blu-ray Disc|7.8
Gladiator|&nbsp;|Action, Adventure, Drama|Russell Crowe, Joaquin Phoenix, Connie Nielsen, Oliver Reed|2000|DVD|8.5
Glass|&nbsp;|Drama, Sci-Fi, Thriller|James McAvoy, Bruce Willis, Samuel L. Jackson, Anya Taylor-Joy|2019|Blu-ray Disc (4K UHD)|6.8
Gods of Egypt|&nbsp;|Action, Adventure, Fantasy|Brenton Thwaites, John Samaha, Courtney Eaton, Nikolaj Coster-Waldau|2016|DVD|5.4
Golden Compass, The|&nbsp;|Adventure, Family, Fantasy|Nicole Kidman, Daniel Craig, Dakota Blue Richards, Ben Walker|2007|DVD|6.1
GoldenEye|&nbsp;|Action, Adventure, Thriller|Pierce Brosnan, Sean Bean, Izabella Scorupco, Famke Janssen|1995|DVD|7.2
Gone Girl|&nbsp;|Drama, Mystery, Thriller|Ben Affleck, Rosamund Pike, Neil Patrick Harris, Tyler Perry|2014|DVD|8.1
Gone in Sixty Seconds|&nbsp;|Action, Crime, Thriller|Nicolas Cage, Giovanni Ribisi, Angelina Jolie, T.J. Cross|2000|DVD|6.5
Good Will Hunting|&nbsp;|Drama, Romance|Matt Damon, Ben Affleck, Stellan Skarsgård, John Mighton|1997|DVD|8.3
Good, the Bad and the Ugly, The|&nbsp;|Western|Eli Wallach, Clint Eastwood, Lee Van Cleef, Aldo Giuffrè|1966|DVD|8.9
Goodfellas|&nbsp;|Crime, Drama|Robert De Niro, Ray Liotta, Joe Pesci, Lorraine Bracco|1990|DVD|8.7
Goonies, The|&nbsp;|Adventure, Comedy, Family|Sean Astin, Josh Brolin, Jeff Cohen, Corey Feldman|1985|Blu-ray Disc|7.8
Gothika|&nbsp;|Horror, Mystery, Thriller|Halle Berry, Robert Downey Jr., Charles S. Dutton, John Carroll Lynch|2003|DVD|5.8
Gran Torino|&nbsp;|Drama|Clint Eastwood, Christopher Carley, Bee Vang, Ahney Her|2008|Blu-ray Disc|8.1
Grease|&nbsp;|Musical, Romance|John Travolta, Olivia Newton-John, Stockard Channing, Jeff Conaway|1978|DVD|7.2
Grease 2|&nbsp;|Comedy, Drama, Musical, Romance|Maxwell Caulfield, Michelle Pfeiffer, Lorna Luft, Maureen Teefy|1982|DVD|4.3
Great Escape, The|&nbsp;|Adventure, Drama, History, Thriller, War|Steve McQueen, James Garner, Richard Attenborough, James Donald|1963|DVD|8.2
Great Rock 'n' Roll Swindle, The|&nbsp;|Music|Malcolm McLaren, Steve Jones, Paul Cook, Sid Vicious|1980|DVD|6.5
Green Mile, The|&nbsp;|Crime, Drama, Fantasy, Mystery|Tom Hanks, David Morse, Bonnie Hunt, Michael Clarke Duncan|1999|DVD|8.5
Green Zone|&nbsp;|Action, Drama, Thriller, War|Igal Naor, Said Faraj, Faycal Attougui, Aymen Hamdouchi|2010|DVD|6.8
Gremlins|&nbsp;|Comedy, Fantasy, Horror|Hoyt Axton, John Louie, Keye Luke, Don Steele|1984|DVD|7.3
Guardian, The|&nbsp;|Action, Adventure, Drama|Kevin Costner, Ashton Kutcher, Sela Ward, Melissa Sagemiller|2006|DVD|6.9
Guns of Navarone, The|&nbsp;|Action, Adventure, Drama, War|Gregory Peck, David Niven, Anthony Quinn, Stanley Baker|1961|DVD|7.6
Guys and Dolls|&nbsp;|Comedy, Crime, Musical, Romance|Marlon Brando, Jean Simmons, Frank Sinatra, Vivian Blaine|1955|DVD|7.2
Hairspray|&nbsp;|Comedy, Drama, Music, Musical, Romance|John Travolta, Michelle Pfeiffer, Christopher Walken, Amanda Bynes|2007|DVD|6.7
Hamburger Hill|&nbsp;|Action, Drama, Thriller, War|Anthony Barrile, Michael Boatman, Don Cheadle, Michael Dolan|1987|DVD|6.7
Hanna|&nbsp;|Action, Drama, Thriller|Saoirse Ronan, Eric Bana, Vicky Krieps, Cate Blanchett|2011|DVD|6.8
Hannibal|&nbsp;|Crime, Drama, Thriller|Anthony Hopkins, Julianne Moore, Gary Oldman, Ray Liotta|2001|DVD|6.8
Hannibal|1|Crime, Drama, Horror, Mystery, Thriller|Hugh Dancy, Mads Mikkelsen, Caroline Dhavernas, Laurence Fishburne|2013–2015|DVD|8.5
Hannibal|2|Crime, Drama, Horror, Mystery, Thriller|Hugh Dancy, Mads Mikkelsen, Caroline Dhavernas, Laurence Fishburne|2013–2015|DVD|8.5
Hannibal|3|Crime, Drama, Horror, Mystery, Thriller|Hugh Dancy, Mads Mikkelsen, Caroline Dhavernas, Laurence Fishburne|2013–2015|DVD|8.5
Hard Rain|&nbsp;|Action, Crime, Drama, Thriller|Morgan Freeman, Christian Slater, Randy Quaid, Minnie Driver|1998|DVD|5.9
Harley Davidson and the Marlboro Man|&nbsp;|Action, Crime, Drama, Thriller, Western|Mickey Rourke, Don Johnson, Chelsea Field, Daniel Baldwin|1991|DVD|6.1
Harry Brown|&nbsp;|Action, Crime, Drama, Thriller|Michael Caine, Emily Mortimer, Charlie Creed-Miles, David Bradley|2009|DVD|7.2
Harry Potter and the Chamber of Secrets|&nbsp;|Adventure, Family, Fantasy, Mystery|Daniel Radcliffe, Rupert Grint, Emma Watson, Richard Griffiths|2002|DVD|7.4
Harry Potter and the Deathly Hallows: Part 1|&nbsp;|Adventure, Fantasy, Mystery|Bill Nighy, Emma Watson, Richard Griffiths, Harry Melling|2010|Blu-ray Disc|7.7
Harry Potter and the Deathly Hallows: Part 2|&nbsp;|Adventure, Drama, Fantasy, Mystery|Ralph Fiennes, Michael Gambon, Alan Rickman, Daniel Radcliffe|2011|Blu-ray Disc|8.1
Harry Potter and the Goblet of Fire|&nbsp;|Adventure, Family, Fantasy, Mystery|Eric Sykes, Timothy Spall, David Tennant, Daniel Radcliffe|2005|DVD|7.7
Harry Potter and the Half-Blood Prince|&nbsp;|Adventure, Family, Fantasy, Mystery|Daniel Radcliffe, Michael Gambon, Dave Legeno, Elarica Johnson|2009|Blu-ray Disc|7.6
Harry Potter and the Order of the Phoenix|&nbsp;|Adventure, Family, Fantasy, Mystery|Daniel Radcliffe, Harry Melling, Jason Boyd, Richard Macklin|2007|DVD|7.5
Harry Potter and the Prisoner of Azkaban|&nbsp;|Adventure, Family, Fantasy, Mystery|Daniel Radcliffe, Richard Griffiths, Pam Ferris, Fiona Shaw|2004|DVD|7.9
Harry Potter and the Sorcerer's Stone|&nbsp;|Adventure, Family, Fantasy|Richard Harris, Maggie Smith, Robbie Coltrane, Saunders Triplets|2001|DVD|7.6
Heartbreak Ridge|&nbsp;|Drama, War|Clint Eastwood, Marsha Mason, Everett McGill, Moses Gunn|1986|Blu-ray Disc|6.8
Heat|&nbsp;|Crime, Drama, Thriller|Al Pacino, Robert De Niro, Val Kilmer, Jon Voight|1995|DVD|8.2
Hello, Dolly!|&nbsp;|Adventure, Comedy, Musical, Romance|Barbra Streisand, Walter Matthau, Michael Crawford, Marianne McAndrew|1969|DVD|7.2
Hereafter|&nbsp;|Drama, Fantasy|Matt Damon, Cécile de France, Thierry Neuvic, Cyndi Mayo, Lisa Griffiths|2010|Blu-ray Disc|6.5
High Plains Drifter|&nbsp;|Mystery, Western|Clint Eastwood, Verna Bloom, Marianna Hill, Mitchell Ryan|1973|DVD|7.6
Highlander|&nbsp;|Action, Adventure, Fantasy|Christopher Lambert, Roxanne Hart, Clancy Brown, Sean Connery|1986|DVD|7.2
Hill, The|&nbsp;|Drama, War|Sean Connery, Harry Andrews, Ian Bannen, Alfred Lynch|1965|DVD|7.9
Hitler: The Rise of Evil|1|Biography, Drama, History, War|Peter Stormare, Friedrich von Thun, Peter O'Toole, Zoe Telford|2003|DVD|7.3
Hobbit: An Unexpected Journey|&nbsp;|Adventure, Family, Fantasy|Ian McKellen, Martin Freeman, Richard Armitage, Ken Stott|2012|Blu-ray Disc|7.9
Homeland|1|Crime, Drama, Mystery, Thriller|Claire Danes, Mandy Patinkin, Rupert Friend, Maury Sterling|2011–|DVD|8.3
Homeland|2|Crime, Drama, Mystery, Thriller|Claire Danes, Mandy Patinkin, Rupert Friend, Maury Sterling|2011–|DVD|8.3
Homeland|3|Crime, Drama, Mystery, Thriller|Claire Danes, Mandy Patinkin, Rupert Friend, Maury Sterling|2011–|DVD|8.3
Homeward Bound II: Lost in San Francisco|&nbsp;|Adventure, Comedy, Family, Romance|Michael J. Fox, Sally Field, Ralph Waite, Al Michaels|1996|DVD|5.9
Hong Kong Phooey|1|Animation, Family, Comedy|Scatman Crothers, Joe E. Ross|1974–1975|DVD|7.0
Hook|&nbsp;|Adventure, Comedy, Family, Fantasy|Dustin Hoffman, Robin Williams, Julia Roberts, Bob Hoskins|1991|DVD|6.7
House at the End of the Street|&nbsp;|Drama, Horror, Thriller|Jennifer Lawrence, Max Thieriot, Elisabeth Shue, Gil Bellows|2012|Blu-ray Disc|5.6
House of Flying Daggers|&nbsp;|Action, Adventure, Drama, Romance|Takeshi Kaneshiro, Andy Lau, Ziyi Zhang, Dandan Song|2004|DVD|7.6
House on Haunted Hill|&nbsp;|Horror, Mystery, Thriller|Geoffrey Rush, Famke Janssen, Taye Diggs, Peter Gallagher|1999|DVD|5.6
How the Grinch Stole Christmas|&nbsp;|Comedy, Family, Fantasy|Jim Carrey, Taylor Momsen, Kelley, Jeffrey Tambor|2000|DVD|6.1
Hunger Games, The|&nbsp;|Action, Adventure, Sci-Fi, Thriller|Stanley Tucci, Wes Bentley, Jennifer Lawrence, Willow Shields|2012|DVD|7.2
Hurricane, The|&nbsp;|Biography, Drama, Sport|Denzel Washington, Vicellous Shannon, Deborah Kara Unger, Liev Schreiber|1999|DVD|7.6
Hurt Locker, The|&nbsp;|Drama, Thriller, War|Jeremy Renner, Anthony Mackie, Brian Geraghty, Guy Pearce|2008|Blu-ray Disc|7.6
I, Robot|&nbsp;|Action, Crime, Drama, Mystery, Sci-Fi, Thriller|Will Smith, Bridget Moynahan, Alan Tudyk, James Cromwell|2004|DVD|7.1
I.D.|&nbsp;|Crime, Drama|Reece Dinsdale, Richard Graham, Perry Fenwick, Philip Glenister|1995|DVD|7.4
Imaginarium of Doctor Parnassus, The|&nbsp;|Adventure, Comedy, Fantasy, Mystery|Andrew Garfield, Christopher Plummer, Richard Riddell, Katie Lyons|2009|DVD|6.8
Imitation Game, The|&nbsp;|Biography, Drama, Thriller, War|Benedict Cumberbatch, Keira Knightley, Matthew Goode, Rory Kinnear|2014|DVD|8.0
In the Line of Fire|&nbsp;|Action, Crime, Drama, Thriller|Clint Eastwood, John Malkovich, Rene Russo, Dylan McDermott|1993|DVD|7.2
In the Valley of Elah|&nbsp;|Crime, Drama, Mystery, Thriller|Tommy Lee Jones, Charlize Theron, Jason Patric, Susan Sarandon|2007|DVD|7.2
Inception|&nbsp;|Action, Adventure, Sci-Fi, Thriller|Leonardo DiCaprio, Joseph Gordon-Levitt, Ellen Page, Tom Hardy|2010|DVD|8.8
Independence Day|&nbsp;|Action, Adventure, Sci-Fi|Will Smith, Bill Pullman, Jeff Goldblum, Mary McDonnell|1996|DVD|7.0
Indiana Jones and the Kingdom of the Crystal Skull|&nbsp;|Action, Adventure|Harrison Ford, Cate Blanchett, Karen Allen, Shia LaBeouf|2008|DVD|6.1
Indiana Jones and the Last Crusade|&nbsp;|Action, Adventure, Fantasy|Harrison Ford, Sean Connery, Denholm Elliott, Alison Doody|1989|DVD|8.2
Indiana Jones and the Temple of Doom|&nbsp;|Action, Adventure|Harrison Ford, Kate Capshaw, Jonathan Ke Quan, Amrish Puri|1984|DVD|7.6
Inglourious Basterds|&nbsp;|Adventure, Drama, War|Brad Pitt, Mélanie Laurent, Christoph Waltz, Eli Roth|2009|DVD|8.3
Invictus|&nbsp;|Biography, Drama, History, Sport|Morgan Freeman, Matt Damon, Tony Kgoroge, Patrick Mofokeng|2009|Blu-ray Disc|7.3
It Ain't Half Hot Mum|1|Comedy, War|Windsor Davies, Melvyn Hayes, Donald Hewlett, Don Estelle|1974–1981|DVD|7.1
It Ain't Half Hot Mum|2|Comedy, War|Windsor Davies, Melvyn Hayes, Donald Hewlett, Don Estelle|1974–1981|DVD|7.1
It Ain't Half Hot Mum|3|Comedy, War|Windsor Davies, Melvyn Hayes, Donald Hewlett, Don Estelle|1974–1981|DVD|7.1
It Ain't Half Hot Mum|4|Comedy, War|Windsor Davies, Melvyn Hayes, Donald Hewlett, Don Estelle|1974–1981|DVD|7.1
It Ain't Half Hot Mum|5|Comedy, War|Windsor Davies, Melvyn Hayes, Donald Hewlett, Don Estelle|1974–1981|DVD|7.1
It Ain't Half Hot Mum|6|Comedy, War|Windsor Davies, Melvyn Hayes, Donald Hewlett, Don Estelle|1974–1981|DVD|7.1
It Ain't Half Hot Mum|7|Comedy, War|Windsor Davies, Melvyn Hayes, Donald Hewlett, Don Estelle|1974–1981|DVD|7.1
It Ain't Half Hot Mum|8|Comedy, War|Windsor Davies, Melvyn Hayes, Donald Hewlett, Don Estelle|1974–1981|DVD|7.1
Italian Job, The|&nbsp;|Action, Comedy, Crime, Thriller|Michael Caine, Noël Coward, Benny Hill, Raf Vallone|1969|DVD|7.3
J. Edgar|&nbsp;|Biography, Crime, Drama, History, Romance|Leonardo DiCaprio, Josh Hamilton, Geoff Pierson, Cheryl Lawson|2011|Blu-ray Disc|6.6
Jack and the Beanstalk|&nbsp;|Comedy, Family, Fantasy, Musical, Romance|Bud Abbott, Lou Costello, Dorothy Ford, Buddy Baer|1952|DVD|6.1
Jack Reacher|&nbsp;|Action, Crime, Thriller|Tom Cruise, Rosamund Pike, Richard Jenkins, David Oyelowo|2012|DVD|7.0
Jaws|&nbsp;|Adventure, Drama, Thriller|Roy Scheider, Robert Shaw, Richard Dreyfuss, Lorraine Gary|1975|DVD|8.0
Jazz Singer, The|&nbsp;|Drama, Music, Romance|Neil Diamond, Laurence Olivier, Lucie Arnaz, Catlin Adams|1980|DVD|5.8
JFK|&nbsp;|Drama, History, Thriller|Sally Kirkland, Anthony Ramirez, Ray LePere, Steve Reed|1991|DVD|8.0
John Carter|&nbsp;|Action, Adventure, Sci-Fi|Taylor Kitsch, Lynn Collins, Samantha Morton, Willem Dafoe|2012|DVD|6.6
John Wick|&nbsp;|Action, Crime, Thriller|Keanu Reeves, Michael Nyqvist, Alfie Allen, Willem Dafoe|2014|Blu-ray Disc|7.3
John Wick: Chapter 2|&nbsp;|Action, Crime, Thriller|Keanu Reeves, Riccardo Scamarcio, Ian McShane, Ruby Rose|2017|Blu-ray Disc|7.5
John Wick: Chapter 3 - Parabellum|&nbsp;|Action, Crime, Thriller|Keanu Reeves, Halle Berry, Ian McShane, Laurence Fishburne|2019|Blu-ray Disc|7.6
Johnny and the Bomb|1|Adventure, Comedy, Drama, Family, Sci-Fi|George MacKay, Lucien Laviscount, Jazmine Franks, Kyle Herbert|2006–|DVD|7.0
Jumanji|&nbsp;|Adventure, Comedy, Family, Fantasy|Robin Williams, Jonathan Hyde, Kirsten Dunst, Bradley Pierce|1995|DVD|7.0
Jupiter Ascending|&nbsp;|Action, Adventure, Sci-Fi|Mila Kunis, Channing Tatum, Sean Bean, Eddie Redmayne|2015|DVD|5.3
K-19: The Widowmaker|&nbsp;|Drama, History, Thriller, War|Sam Spruell, Peter Stebbings, Christian Camargo, Roman Podhora|2002|DVD|6.7
Kalifornia|&nbsp;|Crime, Drama, Thriller|Brad Pitt, Kathy Larson, David Milford, David Duchovny|1993|DVD|6.7
Kelly's Heroes|&nbsp;|Adventure, Comedy, War|Clint Eastwood, Telly Savalas, Don Rickles, Carroll O'Connor|1970|Blu-ray Disc|7.7
Kelly's Heroes|&nbsp;|Adventure, Comedy, War|Clint Eastwood, Telly Savalas, Don Rickles, Carroll O'Connor|1970|DVD|7.7
Kes|&nbsp;|Drama, Family|David Bradley, Freddie Fletcher, Lynne Perrie, Colin Welland|1969|DVD|7.9
Kill Bill: Vol. 1|&nbsp;|Action, Crime, Thriller|Uma Thurman, Lucy Liu, Vivica A. Fox, Daryl Hannah|2003|DVD|8.1
Kill Bill: Vol. 2|&nbsp;|Action, Crime, Thriller|Vivica A. Fox, Ambrosia Kelley, Michael Parks, James Parks|2004|DVD|8.0
King and I, The|&nbsp;|Biography, Drama, Musical, Romance|Deborah Kerr, Yul Brynner, Rita Moreno, Martin Benson|1956|DVD|7.5
King Arthur|&nbsp;|Action, Adventure, Drama, History, War|Clive Owen, Ioan Gruffudd, Mads Mikkelsen, Joel Edgerton|2004|DVD|6.3
King Arthur: Legend of the Sword|&nbsp;|Action, Adventure, Drama, Fantasy|Charlie Hunnam, Astrid Bergès-Frisbey, Jude Law, Djimon Hounsou|2017|DVD|6.8
King Kong|&nbsp;|Action, Adventure, Drama, Romance|Naomi Watts, Jack Black, Adrien Brody, Thomas Kretschmann|2005|DVD|7.2
Kingdom of Heaven|&nbsp;|Action, Adventure, Drama, History, War|Martin Hancock, Michael Sheen, Nathalie Cox, Eriq Ebouaney|2005|DVD|7.2
Kingdom, The|&nbsp;|Action, Drama, Thriller|Jamie Foxx, Chris Cooper, Jennifer Garner, Jason Bateman|2007|DVD|7.0
Labyrinth|&nbsp;|Adventure, Family, Fantasy, Musical|David Bowie, Jennifer Connelly, Toby Froud, Shelley Thompson|1986|DVD|7.4
Lady in the Water|&nbsp;|Drama, Fantasy, Mystery, Thriller|Paul Giamatti, Bryce Dallas Howard, Jeffrey Wright, Bob Balaban|2006|DVD|5.6
Lara Croft Tomb Raider: The Cradle of Life|&nbsp;|Action, Adventure, Fantasy|Angelina Jolie, Gerard Butler, Ciarán Hinds, Chris Barrie|2003|DVD|5.5
Lara Croft: Tomb Raider|&nbsp;|Action, Adventure, Fantasy, Thriller|Angelina Jolie, Jon Voight, Iain Glen, Noah Taylor|2001|DVD|5.8
Last Boy Scout, The|&nbsp;|Action, Comedy, Crime, Thriller|Bruce Willis, Damon Wayans, Chelsea Field, Noble Willingham|1991|DVD|7.0
Last of the Mohicans, The|&nbsp;|Action, Adventure, Drama, Romance, War|Daniel Day-Lewis, Madeleine Stowe, Russell Means, Eric Schweig|1992|DVD|7.8
Last Samurai, The|&nbsp;|Action, Drama, War|Ken Watanabe, Tom Cruise, William Atherton, Chad Lindberg|2003|DVD|7.7
Last Witch Hunter, The|&nbsp;|Action, Adventure, Fantasy|Vin Diesel, Rose Leslie, Elijah Wood, Ólafur Darri Ólafsson|2015|DVD|6.0
Layer Cake|&nbsp;|Action, Crime, Drama, Thriller|Daniel Craig, Tom Hardy, Jamie Foreman, Sally Hawkins|2004|DVD|7.4
League of Extraordinary Gentlemen, The|&nbsp;|Action, Adventure, Fantasy, Sci-Fi|Sean Connery, Naseeruddin Shah, Peta Wilson, Tony Curran|2003|DVD|5.8
Legally Blonde|&nbsp;|Comedy, Romance|Reese Witherspoon, Luke Wilson, Selma Blair, Matthew Davis|2001|DVD|6.3
Legend of Tarzan, The|&nbsp;|Action, Adventure, Drama, Fantasy, Romance|Alexander Skarsgård, Rory J. Saper, Christian Stevens, Christoph Waltz|2016|DVD|6.3
Legion|&nbsp;|Action, Fantasy, Horror|Paul Bettany, Lucas Black, Tyrese Gibson, Adrianne Palicki|2010|DVD|5.2
Léon: The Professional|&nbsp;|Crime, Drama, Thriller|Jean Reno, Gary Oldman, Natalie Portman, Danny Aiello|1994|DVD|8.6
Les Misérables in Concert: The 25th Anniversary|&nbsp;|Drama, Music, Musical|Alfie Boe, Norm Lewis, Matt Lucas, Jenny Galloway|2010|DVD|8.8
Lethal Weapon|&nbsp;|Action, Crime, Thriller|Mel Gibson, Danny Glover, Gary Busey, Mitchell Ryan|1987|DVD|7.6
Lethal Weapon 2|&nbsp;|Action, Crime, Thriller|Mel Gibson, Danny Glover, Joe Pesci, Joss Ackland|1989|DVD|7.2
Lethal Weapon 3|&nbsp;|Action, Crime, Thriller|Mel Gibson, Danny Glover, Joe Pesci, Rene Russo|1992|DVD|6.7
Lethal Weapon 4|&nbsp;|Action, Crime, Thriller|Mel Gibson, Danny Glover, Joe Pesci, Rene Russo|1998|DVD|6.6
Letters from Iwo Jima|&nbsp;|Drama, History, War|Ken Watanabe, Kazunari Ninomiya, Tsuyoshi Ihara, Ryo Kase|2006|Blu-ray Disc|7.9
Libertine, The|&nbsp;|Biography, Drama, History, Romance|Johnny Depp, Paul Ritter, John Malkovich, Stanley Townsend|2004|DVD|6.3
Life of Brian|&nbsp;|Comedy|Graham Chapman, John Cleese, Terry Gilliam, Eric Idle|1979|DVD|8.1
Live Aid|&nbsp;|Documentary, Music|Bob Geldof, Bryan Adams, Stuart Adamson, Mo Amin|1985|DVD|8.5
Live and Let Die|&nbsp;|Action, Adventure, Thriller|Roger Moore, Yaphet Kotto, Jane Seymour, Clifton James|1973|Blu-ray Disc|6.8
Lock, Stock and Two Smoking Barrels|&nbsp;|Comedy, Crime|Jason Flemyng, Dexter Fletcher, Nick Moran, Jason Statham|1998|DVD|8.2
London Boulevard|&nbsp;|Crime, Drama|Colin Farrell, Keira Knightley, David Thewlis, Anna Friel|2010|DVD|6.2
Lone Ranger, The|&nbsp;|Action, Adventure, Western|Johnny Depp, Armie Hammer, William Fichtner, Tom Wilkinson|2013|DVD|6.4
Longest Yard, The|&nbsp;|Comedy, Crime, Drama, Sport|Burt Reynolds, Eddie Albert, Ed Lauter, Michael Conrad|1974|DVD|7.1
Longest Yard, The|&nbsp;|Comedy, Crime, Sport|Adam Sandler, Chris Rock, Burt Reynolds, Nelly|2005|DVD|6.4
Looper|&nbsp;|Action, Crime, Drama, Sci-Fi, Thriller|Joseph Gordon-Levitt, Bruce Willis, Emily Blunt, Paul Dano|2012|DVD|7.4
Lord of the Rings: The Fellowship of the Ring|&nbsp;|Adventure, Drama, Fantasy|Alan Howard, Noel Appleby, Sean Astin, Sala Baker|2001|DVD|8.8
Lord of the Rings: The Return of the King|&nbsp;|Action, Adventure, Drama, Fantasy|Noel Appleby, Ali Astin, Sean Astin, David Aston|2003|DVD|8.9
Lord of the Rings: The Two Towers|&nbsp;|Adventure, Drama, Fantasy|Bruce Allpress, Sean Astin, John Bach, Sala Baker|2002|DVD|8.7
Lost|1|Adventure, Drama, Fantasy, Mystery, Sci-Fi, Thriller|Jorge Garcia, Josh Holloway, Yunjin Kim, Evangeline Lilly|2004–2010|DVD|8.4
Lost|2|Adventure, Drama, Fantasy, Mystery, Sci-Fi, Thriller|Jorge Garcia, Josh Holloway, Yunjin Kim, Evangeline Lilly|2004–2010|DVD|8.4
Lost|3|Adventure, Drama, Fantasy, Mystery, Sci-Fi, Thriller|Jorge Garcia, Josh Holloway, Yunjin Kim, Evangeline Lilly|2004–2010|DVD|8.4
Lost|4|Adventure, Drama, Fantasy, Mystery, Sci-Fi, Thriller|Jorge Garcia, Josh Holloway, Yunjin Kim, Evangeline Lilly|2004–2010|DVD|8.4
Lost|5|Adventure, Drama, Fantasy, Mystery, Sci-Fi, Thriller|Jorge Garcia, Josh Holloway, Yunjin Kim, Evangeline Lilly|2004–2010|DVD|8.4
Lost|6|Adventure, Drama, Fantasy, Mystery, Sci-Fi, Thriller|Jorge Garcia, Josh Holloway, Yunjin Kim, Evangeline Lilly|2004–2010|DVD|8.4
Lost Boys, The|&nbsp;|Comedy, Horror|Jason Patric, Corey Haim, Dianne Wiest, Barnard Hughes|1987|DVD|7.3
Lost in La Mancha|&nbsp;|Documentary|Tony Grisoni, Philip A. Patterson, René Cleitman, Terry Gilliam|2002|DVD|7.4
Machinist, The|&nbsp;|Drama, Thriller|Christian Bale, Jennifer Jason Leigh, Aitana Sánchez-Gijón, John Sharian|2004|DVD|7.7
Mad Max|&nbsp;|Action, Adventure, Sci-Fi, Thriller|Mel Gibson, Joanne Samuel, Hugh Keays-Byrne, Steve Bisley|1979|DVD|6.9
Mad Max: Beyond Thunderdome|&nbsp;|Action, Adventure, Sci-Fi|Mel Gibson, Bruce Spence, Adam Cockburn, Tina Turner|1985|DVD|6.3
Mad Max: Fury Road|&nbsp;|Action, Adventure, Sci-Fi, Thriller|Tom Hardy, Charlize Theron, Nicholas Hoult, Hugh Keays-Byrne|2015|DVD|8.1
Mad Max: The Road Warrior|&nbsp;|Action, Adventure, Sci-Fi, Thriller|Mel Gibson, Bruce Spence, Michael Preston, Max Phipps|1981|DVD|7.6
Madame Butterfly|&nbsp;|Drama, Music|Ying Huang, Richard Troxell, Ning Liang, Richard Cowan|1995|DVD|7.0
Magnificent Seven, The|&nbsp;|Action, Adventure, Western|Yul Brynner, Eli Wallach, Steve McQueen, Horst Buchholz|1960|DVD|7.8
Magnum Force|&nbsp;|Action, Crime, Mystery, Thriller|Clint Eastwood, Hal Holbrook, Mitchell Ryan, David Soul|1973|Blu-ray Disc|7.2
Magnum Force|&nbsp;|Action, Crime, Mystery, Thriller|Clint Eastwood, Hal Holbrook, Mitchell Ryan, David Soul|1973|DVD|7.2
Man on Fire|&nbsp;|Action, Crime, Drama, Thriller|Denzel Washington, Dakota Fanning, Radha Mitchell, Christopher Walken|2004|DVD|7.7
Man Who Fell to Earth, The|&nbsp;|Sci-Fi, Drama|David Bowie, Rip Torn, Candy Clark, Buck Henry|1976|DVD|6.7
Man Who Would Be King, The|&nbsp;|Adventure|Sean Connery, Michael Caine, Christopher Plummer, Saeed Jaffrey|1975|DVD|7.9
Man with the Golden Gun, The|&nbsp;|Action, Adventure, Thriller|Roger Moore, Christopher Lee, Britt Ekland, Maud Adams|1974|DVD|6.8
Manhunter|&nbsp;|Crime, Horror, Mystery, Thriller|William Petersen, Kim Greist, Joan Allen, Brian Cox|1986|DVD|7.2
Matrix Reloaded, The|&nbsp;|Action, Sci-Fi|Ray Anthony, Christine Anu, Andy Arness, Alima Ashton-Sheibu|2003|DVD|7.2
Matrix Revolutions, The|&nbsp;|Action, Sci-Fi|Mary Alice, Tanveer K. Atwal, Helmut Bakaitis, Kate Beahan|2003|DVD|6.7
Matrix, The|&nbsp;|Action, Sci-Fi|Keanu Reeves, Laurence Fishburne, Carrie-Anne Moss, Hugo Weaving|1999|DVD|8.7
Meaning of Life, The|&nbsp;|Comedy, Musical|Graham Chapman, John Cleese, Terry Gilliam, Eric Idle|1983|DVD|7.6
Meet Joe Black|&nbsp;|Drama, Fantasy, Romance|Brad Pitt, Anthony Hopkins, Claire Forlani, Jake Weber|1998|DVD|7.2
Memento|&nbsp;|Mystery, Thriller|Guy Pearce, Carrie-Anne Moss, Joe Pantoliano, Mark Boone Junior|2000|DVD|8.5
Memphis Belle|&nbsp;|Action, Drama, War|Matthew Modine, Eric Stoltz, Tate Donovan, D.B. Sweeney|1990|DVD|6.9
Men in Black 3|&nbsp;|Action, Adventure, Comedy, Sci-Fi|Will Smith, Tommy Lee Jones, Josh Brolin, Jemaine Clement|2012|DVD|6.8
Men in Black II|&nbsp;|Action, Adventure, Comedy, Mystery, Sci-Fi|Tommy Lee Jones, Will Smith, Rip Torn, Lara Flynn Boyle|2002|DVD|6.1
Men of Honor|&nbsp;|Biography, Drama|Robert De Niro, Cuba Gooding Jr., Charlize Theron, Aunjanue Ellis|2000|DVD|7.2
Mercury Rising|&nbsp;|Action, Crime, Drama, Thriller|Bruce Willis, Alec Baldwin, Miko Hughes, Chi McBride|1998|DVD|6.1
Metallica: Cunning Stunts|&nbsp;|Documentary, Music|Kirk Hammett, James Hetfield, Metallica, Jason Newsted|1998|DVD|8.3
Miami Vice|&nbsp;|Action, Crime, Thriller|Colin Farrell, Jamie Foxx, Li Gong, Naomie Harris|2006|DVD|6.0
Midnight Express|&nbsp;|Biography, Crime, Drama, Thriller|Brad Davis, Irene Miracle, Bo Hopkins, Paolo Bonacelli|1978|DVD|7.6
Million Dollar Baby|&nbsp;|Drama, Sport|Clint Eastwood, Hilary Swank, Morgan Freeman, Jay Baruchel|2004|DVD|8.1
Million Dollar Baby|&nbsp;|Drama, Sport|Clint Eastwood, Hilary Swank, Morgan Freeman, Jay Baruchel|2004|Blu-ray Disc|8.1
Minority Report|&nbsp;|Action, Crime, Mystery, Sci-Fi, Thriller|Tom Cruise, Max von Sydow, Steve Harris, Neal McDonough|2002|DVD|7.7
Miranda|1|Comedy|Miranda Hart, Patricia Hodge, Tom Ellis, Sarah Hadland|2009–2015|DVD|8.1
Miranda|2|Comedy|Miranda Hart, Patricia Hodge, Tom Ellis, Sarah Hadland|2009–2015|DVD|8.1
Miss Saigon 25th Anniversary|&nbsp;|Drama, Musical, Romance, War|Jon Jon Briones, Eva Noblezada, Alistair Brammer, Kwang-Ho Hong|2016|DVD|8.1
Mission: Impossible|&nbsp;|Action, Adventure, Thriller|Tom Cruise, Jon Voight, Emmanuelle Béart, Henry Czerny|1996|DVD|7.1
Mission: Impossible II|&nbsp;|Action, Adventure, Thriller|Tom Cruise, Dougray Scott, Thandie Newton, Ving Rhames|2000|DVD|6.1
Monty Python and the Holy Grail|&nbsp;|Adventure, Comedy, Fantasy|Graham Chapman, John Cleese, Eric Idle, Terry Gilliam|1975|DVD|8.3
Morgan|&nbsp;|Action, Horror, Sci-Fi, Thriller|Kate Mara, Anya Taylor-Joy, Rose Leslie, Michael Yare|2016|DVD|5.8
Mortal Engines|&nbsp;|Action, Adventure, Fantasy, Sci-Fi, Thriller|Hera Hilmar, Robert Sheehan, Hugo Weaving, Jihae|2018|Blu-ray Disc (4K UHD)|6.1
Mortal Instruments: City of Bones|&nbsp;|Action, Fantasy, Horror, Mystery, Romance|Lily Collins, Jamie Campbell Bower, Kevin Zegers, Jemima West|2013|DVD|5.9
Mothman Prophecies, The|&nbsp;|Drama, Horror, Mystery, Thriller|Richard Gere, David Eigenberg, Bob Tracey, Ron Emanuel|2002|DVD|6.5
Mötley Crüe: Carnival of Sins|&nbsp;|Documentary, Music|Todd A. Fox, Tommy Lee, Mick Mars, Mighty Mike Murga|2005|DVD|8.2
Mr Benn|1|Animation, Family|Ray Brooks|1971–2005|DVD|7.7
Mr. Holmes|&nbsp;|Drama, Mystery|Ian McKellen, Laura Linney, Milo Parker, Hiroyuki Sanada|2015|DVD|6.9
My Little Eye|&nbsp;|Horror, Mystery, Thriller|Sean Cw Johnson, Kris Lemche, Stephen O'Reilly, Laura Regan|2002|DVD|5.6
Mystic River|&nbsp;|Crime, Drama, Mystery, Thriller|Sean Penn, Tim Robbins, Kevin Bacon, Laurence Fishburne|2003|Blu-ray Disc|8.0
Napoleon Dynamite|&nbsp;|Comedy|Jon Heder, Jon Gries, Aaron Ruell, Efren Ramirez|2004|DVD|6.9
National Treasure|&nbsp;|Action, Adventure, Family, Mystery, Thriller|Nicolas Cage, Diane Kruger, Justin Bartha, Sean Bean|2004|DVD|6.9
National Treasure: Book of Secrets|&nbsp;|Action, Adventure, Family, Mystery, Thriller|Nicolas Cage, Justin Bartha, Diane Kruger, Jon Voight|2007|DVD|6.5
Natural Born Killers|&nbsp;|Crime, Drama|Woody Harrelson, Juliette Lewis, Tom Sizemore, Rodney Dangerfield|1994|DVD|7.3
Nick of Time|&nbsp;|Action, Crime, Drama, Thriller|Johnny Depp, Courtney Chase, Charles S. Dutton, Christopher Walken|1995|DVD|6.3
Night Watch|&nbsp;|Action, Fantasy, Horror, Thriller|Konstantin Khabenskiy, Vladimir Menshov, Valeriy Zolotukhin, Mariya Poroshina|2004|DVD|6.4
Nightmare Before Christmas, The|&nbsp;|Animation, Family, Fantasy, Musical|Danny Elfman, Chris Sarandon, Catherine O'Hara, William Hickey|1993|DVD|8.0
Ninth Gate, The|&nbsp;|Mystery, Thriller|Johnny Depp, Frank Langella, Lena Olin, Emmanuelle Seigner|1999|DVD|6.7
No Country for Old Men|&nbsp;|Crime, Drama, Thriller|Tommy Lee Jones, Javier Bardem, Josh Brolin, Woody Harrelson|2007|DVD|8.1
Ocean's Eleven|&nbsp;|Crime, Thriller|George Clooney, Cecelia Ann Birt, Paul L. Nolan, Carol Florence|2001|DVD|7.8
Oliver!|&nbsp;|Drama, Family, Musical|Ron Moody, Shani Wallis, Oliver Reed, Harry Secombe|1968|DVD|7.4
Omen IV: The Awakening|&nbsp;|Horror, Mystery, Thriller|Faye Grant, Michael Woods, Michael Lerner, Madison Mason|1991|DVD|3.9
Omen, The|&nbsp;|Horror|Gregory Peck, Lee Remick, David Warner, Billie Whitelaw|1976|DVD|7.6
Omen, The|&nbsp;|Horror|Predrag Bjelac, Carlo Sabatini, Bohumil Svarc, Liev Schreiber|2006|DVD|5.5
On Her Majesty's Secret Service|&nbsp;|Action, Adventure, Thriller|George Lazenby, Diana Rigg, Telly Savalas, Gabriele Ferzetti|1969|DVD|6.8
Once Upon a Time in Mexico|&nbsp;|Action, Thriller|Antonio Banderas, Salma Hayek, Johnny Depp, Mickey Rourke|2003|DVD|6.4
Other Boleyn Girl, The|&nbsp;|Biography, Drama, History, Romance|Natalie Portman, Scarlett Johansson, Eric Bana, Jim Sturgess|2008|DVD|6.7
Others, The|&nbsp;|Horror, Mystery, Thriller|Nicole Kidman, Fionnula Flanagan, Christopher Eccleston, Alakina Mann|2001|DVD|7.6
Our Hospitality|&nbsp;|Comedy, Romance, Thriller|Buster Keaton, Natalie Talmadge, Joe Roberts, Francis X. Bushman Jr.|1923|DVD|7.9
Out for Justice|&nbsp;|Action, Crime, Drama, Thriller|Steven Seagal, William Forsythe, Jerry Orbach, Jo Champa|1991|DVD|6.1
Out of Time|&nbsp;|Crime, Drama, Mystery, Thriller|Denzel Washington, Eva Mendes, Sanaa Lathan, Dean Cain|2003|DVD|6.5
Outlander|&nbsp;|Action, Adventure, Sci-Fi|Jim Caviezel, Sophia Myles, Jack Huston, John Hurt|2008|DVD|6.3
Outlaw Josey Wales, The|&nbsp;|Western|Clint Eastwood, Chief Dan George, Sondra Locke, Bill McKinney|1976|Blu-ray Disc|7.9
Pacific Rim|&nbsp;|Action, Adventure, Sci-Fi|Charlie Hunnam, Diego Klattenhoff, Idris Elba, Rinko Kikuchi|2013|Blu-ray Disc|6.9
Pale Rider|&nbsp;|Western|Clint Eastwood, Michael Moriarty, Carrie Snodgress, Chris Penn|1985|DVD|7.3
Pale Rider|&nbsp;|Western|Clint Eastwood, Michael Moriarty, Carrie Snodgress, Chris Penn|1985|Blu-ray Disc|7.3
Papillon|&nbsp;|Biography, Crime, Drama|Steve McQueen, Dustin Hoffman, Victor Jory, Don Gordon|1973|DVD|8.0
Patch Adams|&nbsp;|Biography, Comedy, Drama, Romance|Robin Williams, Daniel London, Monica Potter, Philip Seymour Hoffman|1998|DVD|6.7
Patriot, The|&nbsp;|Action, Drama, History, War|Mel Gibson, Heath Ledger, Joely Richardson, Jason Isaacs|2000|DVD|7.2
Payback|&nbsp;|Action, Crime, Drama, Thriller|Mel Gibson, Gregg Henry, Maria Bello, David Paymer|1999|DVD|7.1
Pearl Harbor|&nbsp;|Action, Drama, History, Romance, War|Ben Affleck, Josh Hartnett, Kate Beckinsale, William Lee Scott|2001|DVD|6.1
Phantom of the Opera, The|&nbsp;|Drama, Musical, Romance, Thriller|Gerard Butler, Emmy Rossum, Patrick Wilson, Miranda Richardson|2004|DVD|7.3
Phone Booth|&nbsp;|Crime, Thriller|Colin Farrell, Kiefer Sutherland, Forest Whitaker, Radha Mitchell|2002|DVD|7.1
Pianist, The|&nbsp;|Biography, Drama, Music, War|Adrien Brody, Emilia Fox, Michal Zebrowski, Ed Stoppard|2002|DVD|8.5
Pink Floyd: Live at Pompeii|&nbsp;|Documentary, Music|David Gilmour, Nick Mason, Roger Waters, Richard Wright|1972|DVD|8.7
Pink Panther Strikes Again, The|&nbsp;|Comedy, Crime|Peter Sellers, Herbert Lom, Lesley-Anne Down, Burt Kwouk|1976|DVD|7.3
Pink Panther, The|&nbsp;|Comedy, Crime, Romance|David Niven, Peter Sellers, Robert Wagner, Capucine|1963|DVD|7.2
Pirates of the Caribbean: At World's End|&nbsp;|Action, Adventure, Fantasy|Johnny Depp, Geoffrey Rush, Orlando Bloom, Keira Knightley|2007|DVD|7.1
Pirates of the Caribbean: Dead Man's Chest|&nbsp;|Action, Adventure, Fantasy|Johnny Depp, Orlando Bloom, Keira Knightley, Jack Davenport|2006|DVD|7.3
Pirates of the Caribbean: The Curse of the Black Pearl|&nbsp;|Action, Adventure, Fantasy|Johnny Depp, Geoffrey Rush, Orlando Bloom, Keira Knightley|2003|DVD|8.0
Pitch Black|&nbsp;|Horror, Sci-Fi|Vin Diesel, Radha Mitchell, Cole Hauser, Keith David|2000|Blu-ray Disc|7.1
Pitch Black|&nbsp;|Horror, Sci-Fi|Vin Diesel, Radha Mitchell, Cole Hauser, Keith David|2000|DVD|7.1
Planet of the Apes|&nbsp;|Action, Adventure, Sci-Fi, Thriller|Mark Wahlberg, Tim Roth, Helena Bonham Carter, Michael Clarke Duncan|2001|DVD|5.7
Platoon|&nbsp;|Drama, War|Tom Berenger, Keith David, Willem Dafoe, Forest Whitaker|1986|DVD|8.1
Plunkett & Macleane|&nbsp;|Action, Adventure, Crime, Drama|Jonny Lee Miller, Iain Robertson, Robert Carlyle, Ken Stott|1999|DVD|6.4
Point Break|&nbsp;|Action, Crime, Thriller|Patrick Swayze, Keanu Reeves, Gary Busey, Lori Petty|1991|DVD|7.2
Pompeii|&nbsp;|Action, Adventure, Drama, History, Romance|Kit Harington, Carrie-Anne Moss, Emily Browning, Adewale Akinnuoye-Agbaje|2014|Blu-ray Disc|5.5
Postman, The|&nbsp;|Action, Adventure, Drama, Sci-Fi|Kevin Costner, Will Patton, Larenz Tate, Olivia Williams|1997|DVD|6.0
Predator|&nbsp;|Action, Adventure, Sci-Fi, Thriller|Arnold Schwarzenegger, Carl Weathers, Elpidia Carrillo, Bill Duke|1987|DVD|7.8
Predator 2|&nbsp;|Action, Horror, Sci-Fi|Kevin Peter Hall, Danny Glover, Gary Busey, Rubén Blades|1990|DVD|6.3
Prestige, The|&nbsp;|Drama, Mystery, Sci-Fi, Thriller|Hugh Jackman, Christian Bale, Michael Caine, Piper Perabo|2006|DVD|8.5
Priest|&nbsp;|Action, Adventure, Fantasy, Horror, Sci-Fi, Thriller|Paul Bettany, Karl Urban, Cam Gigandet, Maggie Q|2011|Blu-ray Disc (3D)|5.7
Prime Suspect|1|Crime, Drama, Mystery, Thriller|Helen Mirren, Tom Bell, John Benfield, Jack Ellis|1991|DVD|8.3
Prime Suspect|2|Crime, Drama, Mystery, Thriller|Helen Mirren, Tom Bell, John Benfield, Jack Ellis|1991|DVD|8.3
Prime Suspect|3|Crime, Drama, Mystery, Thriller|Helen Mirren, Tom Bell, John Benfield, Jack Ellis|1991|DVD|8.3
Prime Suspect|4|Crime, Drama, Mystery, Thriller|Helen Mirren, Tom Bell, John Benfield, Jack Ellis|1991|DVD|8.3
Prime Suspect|5|Crime, Drama, Mystery, Thriller|Helen Mirren, Tom Bell, John Benfield, Jack Ellis|1991|DVD|8.3
Prime Suspect 6: The Last Witness|1|Crime, Drama, Thriller|Helen Mirren, Liam Cunningham, Oleg Menshikov, Ben Miles|2003|DVD|8.2
Prime Suspect 7: The Final Act|1|Crime, Drama, Mystery|Helen Mirren, Stephen Tompkinson, Laura Greenwood, Eve Best|2006|DVD|8.4
Prometheus|&nbsp;|Adventure, Mystery, Sci-Fi|Noomi Rapace, Michael Fassbender, Charlize Theron, Idris Elba|2012|DVD|7.0
Public Enemies|&nbsp;|Biography, Crime, Drama, History, Romance|Christian Bale, Christian Stolte, Jason Clarke, Johnny Depp|2009|Blu-ray Disc|7.0
Pulp Fiction|&nbsp;|Crime, Drama|Tim Roth, Amanda Plummer, Laura Lovelace, John Travolta|1994|Blu-ray Disc|8.9
Purple Rain|&nbsp;|Drama, Music, Musical, Romance|Prince, Apollonia Kotero, Morris Day, Olga Karlatos|1984|DVD|6.5
Pursuit of Happyness, The|&nbsp;|Biography, Drama|Will Smith, Jaden Smith, Thandie Newton, Brian Howe|2006|DVD|8.0
Quantum of Solace|&nbsp;|Action, Adventure, Thriller|Daniel Craig, Olga Kurylenko, Mathieu Amalric, Judi Dench|2008|Blu-ray Disc|6.6
Queen Rock Montreal & Live Aid|&nbsp;|Music|John Deacon, Brian May, Freddie Mercury, Queen|2007|DVD|8.6
Raging Bull|&nbsp;|Biography, Drama, Sport|Robert De Niro, Cathy Moriarty, Joe Pesci, Frank Vincent|1980|DVD|8.2
Raiders of the Lost Ark|&nbsp;|Action, Adventure|Harrison Ford, Karen Allen, Paul Freeman, Ronald Lacey|1981|DVD|8.5
Rain Man|&nbsp;|Drama|Dustin Hoffman, Tom Cruise, Valeria Golino, Gerald R. Molen|1988|DVD|8.0
Real Steel|&nbsp;|Action, Drama, Family, Sci-Fi, Sport|Hugh Jackman, Dakota Goyo, Evangeline Lilly, Anthony Mackie|2011|Blu-ray Disc|7.1
Red Dragon|&nbsp;|Crime, Drama, Thriller|Anthony Hopkins, Edward Norton, Ralph Fiennes, Harvey Keitel|2002|DVD|7.2
Reign of Fire|&nbsp;|Action, Adventure, Fantasy, Sci-Fi, Thriller|Christian Bale, Matthew McConaughey, Izabella Scorupco, Gerard Butler|2002|DVD|6.2
Replacements, The|&nbsp;|Comedy, Sport|Keanu Reeves, Gene Hackman, Brooke Langton, Orlando Jones|2000|DVD|6.5
Reservoir Dogs|&nbsp;|Crime, Drama, Thriller|Harvey Keitel, Tim Roth, Michael Madsen, Chris Penn|1992|DVD|8.3
Resident Evil|&nbsp;|Action, Horror, Sci-Fi|Ryan McCluskey, Oscar Pearce, Indra Ové, Anna Bolt|2002|DVD|6.7
Riddick|&nbsp;|Action, Sci-Fi, Thriller|Vin Diesel, Jordi Mollà, Matt Nable, Katee Sackhoff|2013|DVD|6.4
Rise of the Planet of the Apes|&nbsp;|Action, Drama, Sci-Fi, Thriller|Andy Serkis, Karin Konoval, Terry Notary, Richard Ridings|2011|Blu-ray Disc|7.6
Robin and Marian|&nbsp;|Adventure, Drama, Romance|Sean Connery, Audrey Hepburn, Robert Shaw, Richard Harris|1976|DVD|6.6
Robin Hood|&nbsp;|Action, Adventure, Drama, History, Romance|Russell Crowe, Cate Blanchett, Max von Sydow, William Hurt|2010|DVD|6.7
Rock of Ages|&nbsp;|Comedy, Drama, Musical, Romance|Julianne Hough, Dakota Sage Grant, Matthew Rush Sullivan, Diego Boneta|2012|Blu-ray Disc|5.9
Rock, The|&nbsp;|Action, Adventure, Thriller|Sean Connery, Nicolas Cage, Ed Harris, John Spencer|1996|DVD|7.4
Roger Hodgson: Take the Long Way Home|&nbsp;|N/A|N/A|2006|DVD|N/A
Romeo + Juliet|&nbsp;|Drama, Romance|Leonardo DiCaprio, Claire Danes, John Leguizamo, Harold Perrineau|1996|DVD|6.8
Romy and Michele's High School Reunion|&nbsp;|Comedy|Mira Sorvino, Lisa Kudrow, Janeane Garofalo, Alan Cumming|1997|DVD|6.2
Rush|&nbsp;|Action, Biography, Drama, Sport|Chris Hemsworth, Daniel Brühl, Olivia Wilde, Alexandra Maria Lara|2013|DVD|8.1
Safe House|&nbsp;|Action, Adventure, Crime, Thriller|Denzel Washington, Ryan Reynolds, Vera Farmiga, Brendan Gleeson|2012|DVD|6.8
Salt|&nbsp;|Action, Mystery, Thriller|Angelina Jolie, Liev Schreiber, Chiwetel Ejiofor, Daniel Olbrychski|2010|DVD|6.4
Santa Claus: The Movie|&nbsp;|Adventure, Family, Fantasy|Dudley Moore, John Lithgow, David Huddleston, Burgess Meredith|1985|DVD|6.1
Save the Last Dance|&nbsp;|Drama, Music, Romance|Julia Stiles, Sean Patrick Thomas, Kerry Washington, Fredro Starr|2001|DVD|6.2
Saving Private Ryan|&nbsp;|Drama, War|Tom Hanks, Tom Sizemore, Edward Burns, Barry Pepper|1998|DVD|8.6
Schindler's List|&nbsp;|Biography, Drama, History|Liam Neeson, Ben Kingsley, Ralph Fiennes, Caroline Goodall|1993|DVD|8.9
Se7en|&nbsp;|Crime, Drama, Mystery, Thriller|Morgan Freeman, Andrew Kevin Walker, Daniel Zacapa, Brad Pitt|1995|DVD|8.6
Secret Window|&nbsp;|Drama, Mystery, Thriller|Johnny Depp, John Turturro, Maria Bello, Timothy Hutton|2004|DVD|6.6
Senna|&nbsp;|Documentary, Biography, Sport|Ayrton Senna, Alain Prost, Frank Williams, Ron Dennis|2010|Blu-ray Disc|8.6
Serenity|&nbsp;|Action, Adventure, Sci-Fi, Thriller|Nathan Fillion, Gina Torres, Alan Tudyk, Morena Baccarin|2005|DVD|7.9
Seven Pounds|&nbsp;|Drama, Romance|Will Smith, Rosario Dawson, Woody Harrelson, Michael Ealy|2008|DVD|7.6
Sex and the City|&nbsp;|Comedy, Drama, Romance|Sarah Jessica Parker, Kim Cattrall, Kristin Davis, Cynthia Nixon|2008|DVD|5.6
Shallow Grave|&nbsp;|Crime, Thriller|Kerry Fox, Christopher Eccleston, Ewan McGregor, Ken Stott|1994|DVD|7.3
Shaun of the Dead|&nbsp;|Comedy, Horror|Simon Pegg, Kate Ashfield, Nick Frost, Lucy Davis|2004|DVD|7.9
Shawshank Redemption, The|&nbsp;|Drama|Tim Robbins, Morgan Freeman, Bob Gunton, William Sadler|1994|DVD|9.3
Sherlock Holmes|&nbsp;|Action, Adventure, Crime, Mystery, Thriller|Robert Downey Jr., Jude Law, Rachel McAdams, Mark Strong|2009|Blu-ray Disc|7.6
Sherlock Holmes|&nbsp;|Action, Adventure, Crime, Mystery, Thriller|Robert Downey Jr., Jude Law, Rachel McAdams, Mark Strong|2009|DVD|7.6
Sherlock Jr.|&nbsp;|Action, Comedy, Romance|Buster Keaton, Kathryn McGuire, Joe Keaton, Erwin Connelly|1924|DVD|8.2
Shooter|&nbsp;|Action, Crime, Drama, Mystery, Thriller|Mark Wahlberg, Michael Peña, Danny Glover, Kate Mara|2007|DVD|7.2
Siberia|&nbsp;|Crime, Romance, Thriller|Keanu Reeves, Boris Gulyarin, Ashley St. George, Elliot Lazar|2018|DVD|4.3
Sicario|&nbsp;|Action, Crime, Drama, Mystery, Thriller|Emily Blunt, Benicio Del Toro, Josh Brolin, Victor Garber|2015|DVD|7.6
Signs|&nbsp;|Drama, Mystery, Sci-Fi, Thriller|Mel Gibson, Joaquin Phoenix, Rory Culkin, Abigail Breslin|2002|Blu-ray Disc|6.7
Silence of the Lambs, The|&nbsp;|Crime, Drama, Thriller|Jodie Foster, Lawrence A. Bonney, Kasi Lemmons, Lawrence T. Wrentz|1991|DVD|8.6
Sin City|&nbsp;|Crime, Thriller|Jessica Alba, Devon Aoki, Alexis Bledel, Powers Boothe|2005|DVD|8.0
Sixth Sense, The|&nbsp;|Drama, Mystery, Thriller|Bruce Willis, Haley Joel Osment, Toni Collette, Olivia Williams|1999|Blu-ray Disc|8.1
Sky Captain and the World of Tomorrow|&nbsp;|Action, Adventure, Mystery, Sci-Fi, Thriller|Gwyneth Paltrow, Jude Law, Giovanni Ribisi, Michael Gambon|2004|DVD|6.1
Skyfall|&nbsp;|Action, Adventure, Thriller|Daniel Craig, Judi Dench, Javier Bardem, Ralph Fiennes|2012|Blu-ray Disc|7.8
Sleepy Hollow|&nbsp;|Fantasy, Horror, Mystery|Johnny Depp, Christina Ricci, Miranda Richardson, Michael Gambon|1999|DVD|7.4
Slipknot: Up to Our Necks|&nbsp;|Documentary|Joe Corigliano, Shawn Crahan, Al Ichelson, Rick Jarrett II|2004|DVD|N/A
Snatch|&nbsp;|Comedy, Crime|Benicio Del Toro, Dennis Farina, Vinnie Jones, Brad Pitt|2000|DVD|8.3
Snow Dogs|&nbsp;|Adventure, Comedy, Family, Sport|Cuba Gooding Jr., James Coburn, Sisqó, Nichelle Nichols|2002|DVD|5.1
Sons of Anarchy|1|Crime, Drama, Thriller|Charlie Hunnam, Katey Sagal, Mark Boone Junior, Kim Coates|2008–2014|DVD|8.6
Sons of Anarchy|2|Crime, Drama, Thriller|Charlie Hunnam, Katey Sagal, Mark Boone Junior, Kim Coates|2008–2014|DVD|8.6
Sons of Anarchy|3|Crime, Drama, Thriller|Charlie Hunnam, Katey Sagal, Mark Boone Junior, Kim Coates|2008–2014|DVD|8.6
Sons of Anarchy|4|Crime, Drama, Thriller|Charlie Hunnam, Katey Sagal, Mark Boone Junior, Kim Coates|2008–2014|DVD|8.6
Sons of Anarchy|5|Crime, Drama, Thriller|Charlie Hunnam, Katey Sagal, Mark Boone Junior, Kim Coates|2008–2014|DVD|8.6
Sons of Anarchy|6|Crime, Drama, Thriller|Charlie Hunnam, Katey Sagal, Mark Boone Junior, Kim Coates|2008–2014|DVD|8.6
Sons of Anarchy|7|Crime, Drama, Thriller|Charlie Hunnam, Katey Sagal, Mark Boone Junior, Kim Coates|2008–2014|DVD|8.6
Sound of Music, The|&nbsp;|Biography, Drama, Family, Musical, Romance|Julie Andrews, Christopher Plummer, Eleanor Parker, Richard Haydn|1965|DVD|8.0
Source Code|&nbsp;|Action, Drama, Mystery, Sci-Fi, Thriller|Jake Gyllenhaal, Michelle Monaghan, Vera Farmiga, Jeffrey Wright|2011|DVD|7.5
South Pacific|&nbsp;|Musical, Romance, War|Rossano Brazzi, Mitzi Gaynor, John Kerr, Ray Walston|1958|DVD|6.9
Space Cowboys|&nbsp;|Action, Adventure, Thriller|Clint Eastwood, Tommy Lee Jones, Donald Sutherland, James Garner|2000|Blu-ray Disc|6.4
Spectre|&nbsp;|Action, Adventure, Thriller|Daniel Craig, Christoph Waltz, Léa Seydoux, Ralph Fiennes|2015|Blu-ray Disc|6.8
Split|&nbsp;|Horror, Thriller|James McAvoy, Anya Taylor-Joy, Betty Buckley, Haley Lu Richardson|2016|Blu-ray Disc|7.3
Square, The|&nbsp;|Crime, Drama, Thriller|David Roberts, Claire van der Boom, Peter Phelps, Bill Hunter|2008|DVD|6.7
Star Wars: The Force Awakens|&nbsp;|Action, Adventure, Fantasy, Sci-Fi|Harrison Ford, Mark Hamill, Carrie Fisher, Adam Driver|2015|DVD|8.0
Stardust|&nbsp;|Adventure, Family, Fantasy, Romance|Ian McKellen, Bimbo Hart, Alastair MacIntosh, David Kelly|2007|DVD|7.6
Starship Troopers|&nbsp;|Action, Adventure, Sci-Fi, Thriller|Casper Van Dien, Dina Meyer, Denise Richards, Jake Busey|1997|DVD|7.2
Starsky & Hutch|&nbsp;|Comedy, Crime|Ben Stiller, Owen Wilson, Snoop Dogg, Fred Williamson|2004|DVD|6.1
Stigmata|&nbsp;|Horror|Patricia Arquette, Gabriel Byrne, Jonathan Pryce, Nia Long|1999|DVD|6.2
Sudden Impact|&nbsp;|Action, Crime, Thriller|Clint Eastwood, Sondra Locke, Pat Hingle, Bradford Dillman|1983|DVD|6.6
Suicide Squad|&nbsp;|Action, Adventure, Fantasy, Sci-Fi|Will Smith, Jaime FitzSimons, Ike Barinholtz, Margot Robbie|2016|Blu-ray Disc|6.1
Super Size Me|&nbsp;|Documentary, Comedy, Drama|Chemeeka Walker, Dania Abu-Rmaileh, Amanda Kearsan, Christian Baucher|2004|DVD|7.2
Sweeney Todd: The Demon Barber of Fleet Street|&nbsp;|Drama, Horror, Musical, Thriller|Johnny Depp, Helena Bonham Carter, Alan Rickman, Timothy Spall|2007|DVD|7.4
Swordfish|&nbsp;|Action, Crime, Thriller|John Travolta, Hugh Jackman, Halle Berry, Don Cheadle|2001|DVD|6.5
T2 Trainspotting|&nbsp;|Drama|Ewan McGregor, Logan Gillies, Ben Skelton, Aiden Haggarty|2017|DVD|7.2
Taking of Pelham 123, The|&nbsp;|Action, Crime, Thriller|Denzel Washington, John Travolta, Luis Guzmán, Victor Gojcaj|2009|Blu-ray Disc|6.4
Tank Girl|&nbsp;|Action, Comedy, Sci-Fi|Lori Petty, Ice-T, Naomi Watts, Don Harvey|1995|DVD|5.3
Taxi Driver|&nbsp;|Crime, Drama|Diahnne Abbott, Frank Adu, Victor Argo, Gino Ardito|1976|DVD|8.3
Tenacious D in The Pick of Destiny|&nbsp;|Adventure, Comedy, Musical|Jack Black, Kyle Gass, JR Reed, Ronnie James Dio|2006|DVD|6.8
Terminator 2: Judgment Day|&nbsp;|Action, Sci-Fi|Arnold Schwarzenegger, Linda Hamilton, Edward Furlong, Robert Patrick|1991|DVD|8.5
Terminator 3: Rise of the Machines|&nbsp;|Action, Sci-Fi|Arnold Schwarzenegger, Nick Stahl, Claire Danes, Kristanna Loken|2003|DVD|6.3
Terminator Genisys|&nbsp;|Action, Adventure, Sci-Fi|Arnold Schwarzenegger, Jason Clarke, Emilia Clarke, Jai Courtney|2015|DVD|6.4
Terminator Salvation|&nbsp;|Action, Adventure, Sci-Fi|Christian Bale, Sam Worthington, Moon Bloodgood, Helena Bonham Carter|2009|DVD|6.6
Terminator, The|&nbsp;|Action, Sci-Fi|Arnold Schwarzenegger, Michael Biehn, Linda Hamilton, Paul Winfield|1984|DVD|8.0
Theory of Everything, The|&nbsp;|Biography, Drama, Romance|Eddie Redmayne, Felicity Jones, Tom Prior, Sophie Perry|2014|DVD|7.7
This Is It|&nbsp;|Documentary, Music|Michael Jackson, Alex Al, Alexandra Apjarova, Nick Bass|2009|Blu-ray Disc|7.3
Thomas Crown Affair, The|&nbsp;|Crime, Romance, Thriller|Pierce Brosnan, Rene Russo, Denis Leary, Ben Gazzara|1999|DVD|6.8
Three Kings|&nbsp;|Action, Adventure, Comedy, Drama, War|George Clooney, Mark Wahlberg, Ice Cube, Spike Jonze|1999|DVD|7.1
Throw Momma from the Train|&nbsp;|Comedy, Crime, Thriller|Danny DeVito, Billy Crystal, Kim Greist, Anne Ramsey|1987|DVD|6.2
Thunderball|&nbsp;|Action, Adventure, Thriller|Sean Connery, Claudine Auger, Adolfo Celi, Luciana Paluzzi|1965|Blu-ray Disc|7.0
Time Bandits|&nbsp;|Adventure, Comedy, Fantasy, Sci-Fi|John Cleese, Sean Connery, Shelley Duvall, Katherine Helmond|1981|DVD|7.0
Titanic|&nbsp;|Drama, Romance|Leonardo DiCaprio, Kate Winslet, Billy Zane, Kathy Bates|1997|DVD|7.8
To Kill a Mockingbird|&nbsp;|Crime, Drama|Gregory Peck, John Megna, Frank Overton, Rosemary Murphy|1962|DVD|8.3
Tomb Raider|&nbsp;|Action, Adventure, Fantasy, Thriller|Alicia Vikander, Dominic West, Walton Goggins, Daniel Wu|2018|DVD|6.3
Top Gun|&nbsp;|Action, Drama|Tom Cruise, Kelly McGillis, Val Kilmer, Anthony Edwards|1986|DVD|6.9
Tourist, The|&nbsp;|Action, Adventure, Thriller|Johnny Depp, Angelina Jolie, Paul Bettany, Timothy Dalton|2010|Blu-ray Disc|6.0
Trail of the Pink Panther|&nbsp;|Comedy, Crime, Mystery|Peter Sellers, David Niven, Herbert Lom, Richard Mulligan|1982|DVD|4.9
Training Day|&nbsp;|Crime, Drama, Thriller|Denzel Washington, Ethan Hawke, Scott Glenn, Tom Berenger|2001|DVD|7.7
Trainspotting|&nbsp;|Drama|Ewan McGregor, Ewen Bremner, Jonny Lee Miller, Kevin McKidd|1996|DVD|8.1
Trance|&nbsp;|Crime, Drama, Mystery, Thriller|James McAvoy, Vincent Cassel, Rosario Dawson, Danny Sapani|2013|Blu-ray Disc|6.9
Transcendence|&nbsp;|Action, Drama, Sci-Fi, Thriller|Johnny Depp, Rebecca Hall, Paul Bettany, Cillian Murphy|2014|DVD|6.3
Transformers|&nbsp;|Action, Adventure, Sci-Fi|Shia LaBeouf, Megan Fox, Josh Duhamel, Tyrese Gibson|2007|DVD|7.1
Transformers: Revenge of the Fallen|&nbsp;|Action, Adventure, Sci-Fi|Shia LaBeouf, Megan Fox, Josh Duhamel, Tyrese Gibson|2009|DVD|6.0
Trouble with the Curve|&nbsp;|Drama, Sport|Clint Eastwood, Chelcie Ross, Raymond Anthony Thomas, Ed Lauter|2012|Blu-ray Disc|6.8
Troy|&nbsp;|Drama, History, Romance|Julian Glover, Brian Cox, Nathan Jones, Adoni Maropis|2004|DVD|7.2
True Blood|1|Drama, Fantasy, Mystery, Romance, Thriller|Anna Paquin, Stephen Moyer, Sam Trammell, Ryan Kwanten|2008–2014|DVD|7.9
True Blood|2|Drama, Fantasy, Mystery, Romance, Thriller|Anna Paquin, Stephen Moyer, Sam Trammell, Ryan Kwanten|2008–2014|DVD|7.9
True Blood|3|Drama, Fantasy, Mystery, Romance, Thriller|Anna Paquin, Stephen Moyer, Sam Trammell, Ryan Kwanten|2008–2014|DVD|7.9
True Blood|4|Drama, Fantasy, Mystery, Romance, Thriller|Anna Paquin, Stephen Moyer, Sam Trammell, Ryan Kwanten|2008–2014|DVD|7.9
True Blood|5|Drama, Fantasy, Mystery, Romance, Thriller|Anna Paquin, Stephen Moyer, Sam Trammell, Ryan Kwanten|2008–2014|DVD|7.9
True Grit|&nbsp;|Adventure, Drama, Western|John Wayne, Glen Campbell, Kim Darby, Jeremy Slate|1969|DVD|7.4
True Romance|&nbsp;|Crime, Drama, Romance, Thriller|Christian Slater, Patricia Arquette, Dennis Hopper, Val Kilmer|1993|DVD|7.9
Tsotsi|&nbsp;|Crime, Drama|Presley Chweneyagae, Terry Pheto, Kenneth Nkosi, Mothusi Magano|2005|DVD|7.3
Twelve Monkeys|&nbsp;|Mystery, Sci-Fi, Thriller|Joseph Melito, Bruce Willis, Jon Seda, Michael Chance|1995|DVD|8.0
U-571|&nbsp;|Action, War|Matthew McConaughey, Bill Paxton, Harvey Keitel, Jon Bon Jovi|2000|DVD|6.6
Ultraviolet|&nbsp;|Action, Sci-Fi, Thriller|Milla Jovovich, Cameron Bright, Nick Chinlund, Sebastien Andrieu|2006|DVD|4.4
Unbreakable|&nbsp;|Drama, Mystery, Sci-Fi, Thriller|Bruce Willis, Samuel L. Jackson, Robin Wright, Spencer Treat Clark|2000|Blu-ray Disc|7.3
Underworld|&nbsp;|Action, Fantasy, Thriller|Kate Beckinsale, Scott Speedman, Michael Sheen, Shane Brolly|2003|DVD|7.0
Unforgiven|&nbsp;|Drama, Western|Clint Eastwood, Gene Hackman, Morgan Freeman, Richard Harris|1992|Blu-ray Disc|8.2
Unknown|&nbsp;|Action, Mystery, Thriller|Liam Neeson, Diane Kruger, January Jones, Aidan Quinn|2011|DVD|6.9
Untouchables, The|&nbsp;|Crime, Drama, Thriller|Kevin Costner, Sean Connery, Charles Martin Smith, Andy Garcia|1987|DVD|7.9
Up|&nbsp;|Animation, Adventure, Comedy, Family|Edward Asner, Christopher Plummer, Jordan Nagai, Bob Peterson|2009|Blu-ray Disc|8.2
Up in the Air|&nbsp;|Drama, Romance|George Clooney, Vera Farmiga, Anna Kendrick, Jason Bateman|2009|DVD|7.4
Utopia|&nbsp;|Comedy|Stan Laurel, Oliver Hardy, Suzy Delair, Max Elloy|1951|DVD|5.6
V for Vendetta|&nbsp;|Action, Drama, Sci-Fi, Thriller|Natalie Portman, Hugo Weaving, Stephen Rea, Stephen Fry|2005|DVD|8.2
Valerian and the City of a Thousand Planets|&nbsp;|Action, Adventure, Fantasy, Sci-Fi|Dane DeHaan, Cara Delevingne, Clive Owen, Rihanna|2017|DVD|6.5
Van Helsing|&nbsp;|Action, Adventure, Fantasy|Hugh Jackman, Kate Beckinsale, Richard Roxburgh, David Wenham|2004|DVD|6.1
Vantage Point|&nbsp;|Action, Crime, Drama, Mystery, Thriller|Dennis Quaid, Matthew Fox, Forest Whitaker, Bruce McGill|2008|DVD|6.6
Village, The|&nbsp;|Drama, Mystery, Thriller|Bryce Dallas Howard, Joaquin Phoenix, Adrien Brody, William Hurt|2004|DVD|6.5
Walk the Line|&nbsp;|Biography, Drama, Music, Romance|Joaquin Phoenix, Reese Witherspoon, Ginnifer Goodwin, Robert Patrick|2005|DVD|7.9
Wanted|&nbsp;|Action, Crime, Fantasy, Thriller|James McAvoy, Morgan Freeman, Angelina Jolie, Terence Stamp|2008|DVD|6.7
War of the Worlds|&nbsp;|Adventure, Sci-Fi, Thriller|Tom Cruise, Dakota Fanning, Miranda Otto, Justin Chatwin|2005|DVD|6.5
Watcher, The|&nbsp;|Crime, Drama, Mystery, Thriller|James Spader, Marisa Tomei, Keanu Reeves, Ernie Hudson|2000|DVD|5.3
Waterworld|&nbsp;|Action, Adventure, Sci-Fi, Thriller|Kevin Costner, Chaim Jeraffi, Rick Aviles, R.D. Call|1995|DVD|6.2
Wayne's World|&nbsp;|Comedy, Music|Mike Myers, Dana Carvey, Rob Lowe, Tia Carrere|1992|DVD|7.0
Wayne's World 2|&nbsp;|Comedy, Music|Mike Myers, Dana Carvey, Christopher Walken, Tia Carrere|1993|DVD|6.2
We Were Soldiers|&nbsp;|Action, Drama, History, War|Mel Gibson, Madeleine Stowe, Greg Kinnear, Sam Elliott|2002|DVD|7.2
West Side Story|&nbsp;|Crime, Drama, Musical, Romance|Natalie Wood, Richard Beymer, Russ Tamblyn, Rita Moreno|1961|DVD|7.6
Westworld|&nbsp;|Action, Sci-Fi, Thriller, Western|Yul Brynner, Richard Benjamin, James Brolin, Norman Bartold|1973|DVD|7.0
What's Eating Gilbert Grape|&nbsp;|Drama|Johnny Depp, Leonardo DiCaprio, Juliette Lewis, Mary Steenburgen|1993|DVD|7.8
What's Love Got to Do with It|&nbsp;|Biography, Drama, Music|RaéVen Kelly, Virginia Capers, Dororthy Thorton, Demetrice Cheathon|1993|DVD|7.3
What Lies Beneath|&nbsp;|Drama, Fantasy, Horror, Mystery, Thriller|Michelle Pfeiffer, Katharine Towne, Miranda Otto, James Remar|2000|DVD|6.6
Where Eagles Dare|&nbsp;|Action, Adventure, War|Richard Burton, Clint Eastwood, Mary Ure, Patrick Wymark|1968|Blu-ray Disc|7.7
Willy Wonka & the Chocolate Factory|&nbsp;|Family, Fantasy, Musical|Gene Wilder, Jack Albertson, Peter Ostrum, Roy Kinnear|1971|DVD|7.8
Windtalkers|&nbsp;|Action, Drama, War|Nicolas Cage, Adam Beach, Peter Stormare, Noah Emmerich|2002|DVD|6.0
Wonder Woman|&nbsp;|Action, Adventure, Fantasy, Sci-Fi, War|Gal Gadot, Chris Pine, Connie Nielsen, Robin Wright|2017|DVD|7.5
World Is Not Enough, The|&nbsp;|Action, Adventure, Thriller|Pierce Brosnan, Sophie Marceau, Robert Carlyle, Denise Richards|1999|DVD|6.4
X-Men|&nbsp;|Action, Adventure, Sci-Fi|Hugh Jackman, Patrick Stewart, Ian McKellen, Famke Janssen|2000|DVD|7.4
X-Men 2|&nbsp;|Action, Adventure, Sci-Fi, Thriller|Patrick Stewart, Hugh Jackman, Ian McKellen, Halle Berry|2003|DVD|7.5
X-Men: The Last Stand|&nbsp;|Action, Adventure, Sci-Fi, Thriller|Hugh Jackman, Halle Berry, Ian McKellen, Patrick Stewart|2006|DVD|6.7
Yentl|&nbsp;|Drama, Musical, Romance|Barbra Streisand, Mandy Patinkin, Amy Irving, Nehemiah Persoff|1983|DVD|6.6
Zathura: A Space Adventure|&nbsp;|Action, Adventure, Comedy, Family, Fantasy, Sci-Fi|Jonah Bobo, Josh Hutcherson, Dax Shepard, Kristen Stewart|2005|DVD|6.1
Zero Dark Thirty|&nbsp;|Drama, Thriller|Jason Clarke, Reda Kateb, Jessica Chastain, Kyle Chandler|2012|DVD|7.4
Zodiac|&nbsp;|Crime, Drama, Mystery, Thriller|Jake Gyllenhaal, Mark Ruffalo, Anthony Edwards, Robert Downey Jr.|2007|DVD|7.7
Zulu|&nbsp;|Drama, History, War|Stanley Baker, Jack Hawkins, Ulla Jacobsson, James Booth|1964|DVD|7.8
