title|ser|actors|genre|cert|year|mins|format|set|score
10 Things I Hate About You|&nbsp;|Heath Ledger, Julia Stiles, Joseph Gordon-Levitt, Larisa Oleynik|Comedy, Drama, Romance|PG-13|1999|97 min|DVD|No|7.3
10th Kingdom, The|1|Dianne Wiest, Daniel Lapaine, Kimberly Williams-Paisley, Scott Cohen|Adventure, Comedy, Family, Fantasy, Mystery, Romance|NOT RATED|2000|417 min|DVD|Yes|8.4
13th Warrior, The|&nbsp;|Antonio Banderas, Diane Venora, Dennis Storhøi, Vladimir Kulich|Action, Adventure, History|R|1999|102 min|DVD|No|6.6
3:10 to Yuma|&nbsp;|Russell Crowe, Christian Bale, Logan Lerman, Dallas Roberts|Action, Crime, Drama, Western|R|2007|122 min|DVD|No|7.7
300|&nbsp;|Gerard Butler, Lena Headey, Dominic West, David Wenham|Action, Fantasy|R|2006|117 min|DVD|No|7.7
633 Squadron|&nbsp;|Cliff Robertson, George Chakiris, Maria Perschy, Harry Andrews|War, Drama|APPROVED|1964|102 min|DVD|No|6.4
A Clockwork Orange|&nbsp;|Malcolm McDowell, Patrick Magee, Michael Bates, Warren Clarke|Crime, Drama, Sci-Fi|R|1971|136 min|DVD|No|8.3
A Few Good Men|&nbsp;|Tom Cruise, Jack Nicholson, Demi Moore, Kevin Bacon|Drama, Thriller|R|1992|138 min|DVD|No|7.7
A Fistful of Dollars|&nbsp;|Clint Eastwood, Marianne Koch, Gian Maria Volontè, Wolfgang Lukschy|Western|R|1964|99 min|DVD|No|8.0
A Perfect World|&nbsp;|Kevin Costner, Clint Eastwood, Laura Dern, T.J. Lowther|Crime, Drama, Thriller|PG-13|1993|138 min|Bluray|Yes|7.5
A Shot in the Dark|&nbsp;|Peter Sellers, Elke Sommer, George Sanders, Herbert Lom|Comedy, Mystery|PG|1964|102 min|DVD|Yes|7.5
A.I. Artificial Intelligence|&nbsp;|Haley Joel Osment, Frances O'Connor, Sam Robards, Jake Thomas|Adventure, Drama, Sci-Fi|PG-13|2001|146 min|DVD|No|7.1
Adjustment Bureau, The||Matt Damon, Emily Blunt, Lisa Thoreson, Florence Kastriner|Romance, Sci-Fi, Thriller|PG-13|2011|106 min|DVD|No|7.1
Æon Flux|&nbsp;|Charlize Theron, Marton Csokas, Jonny Lee Miller, Sophie Okonedo|Action, Adventure, Drama, Mystery, Sci-Fi, Thriller|PG-13|2005|93 min|DVD|No|5.5
Alexander|&nbsp;|Anthony Hopkins, David Bedella, Jessie Kamm, Angelina Jolie|Action, Adventure, Biography, Drama, History, Romance, War|R|2004|175 min|DVD|No|5.6
Alfie|&nbsp;|Jude Law, Renée Taylor, Jane Krakowski, Jeff Harding|Comedy, Drama, Romance|R|2004|103 min|DVD|No|6.2
Alice in Wonderland|&nbsp;|Johnny Depp, Mia Wasikowska, Helena Bonham Carter, Anne Hathaway|Adventure, Family, Fantasy|PG|2010|108 min|Bluray|No|6.5
Alien|&nbsp;|Tom Skerritt, Sigourney Weaver, Veronica Cartwright, Harry Dean Stanton|Horror, Sci-Fi|R|1979|116 min|DVD|Yes|8.5
Alien: Resurrection|&nbsp;|Sigourney Weaver, Winona Ryder, Dominique Pinon, Ron Perlman|Action, Horror, Sci-Fi|R|1997|109 min|DVD|Yes|6.2
Alien³|&nbsp;|Sigourney Weaver, Charles S. Dutton, Charles Dance, Paul McGann|Action, Horror, Sci-Fi|R|1992|114 min|DVD|Yes|6.4
Aliens|&nbsp;|Sigourney Weaver, Carrie Henn, Michael Biehn, Paul Reiser|Action, Adventure, Sci-Fi, Thriller|R|1986|137 min|DVD|Yes|8.4
An Idiot Abroad|1|Karl Pilkington, Ricky Gervais, Stephen Merchant|Documentary, Adventure, Comedy, Reality-TV|TV-14|2010–2012|43 min|DVD|Yes|8.3
An Idiot Abroad|2|Karl Pilkington, Ricky Gervais, Stephen Merchant|Documentary, Adventure, Comedy, Reality-TV|TV-14|2010–2012|43 min|DVD|Yes|8.3
An Idiot Abroad|3|Karl Pilkington, Ricky Gervais, Stephen Merchant|Documentary, Adventure, Comedy, Reality-TV|TV-14|2010–2012|43 min|DVD|Yes|8.3
And Now for Something Completely Different|&nbsp;|Graham Chapman, John Cleese, Terry Gilliam, Eric Idle|Comedy|PG|1971|88 min|DVD|Yes|7.6
Angel Heart|&nbsp;|Mickey Rourke, Robert De Niro, Lisa Bonet, Charlotte Rampling|Horror, Mystery, Thriller|R|1987|113 min|DVD|No|7.3
Angels & Demons|&nbsp;|Tom Hanks, Ewan McGregor, Ayelet Zurer, Stellan Skarsgård|Mystery, Thriller|PG-13|2009|138 min|DVD|No|6.7
Any Which Way You Can|&nbsp;|Clint Eastwood, Sondra Locke, Geoffrey Lewis, William Smith|Action, Comedy|PG|1980|116 min|DVD|Yes|6.1
Apocalypse Now|&nbsp;|Marlon Brando, Martin Sheen, Robert Duvall, Frederic Forrest|Drama, War|R|1979|147 min|DVD|No|8.5
Apocalypto|&nbsp;|Rudy Youngblood, Dalia Hernández, Jonathan Brewer, Morris Birdyellowhead|Action, Adventure, Drama, Thriller|R|2006|139 min|DVD|No|7.8
Armageddon|&nbsp;|Bruce Willis, Billy Bob Thornton, Ben Affleck, Liv Tyler|Action, Adventure, Sci-Fi, Thriller|PG-13|1998|151 min|DVD|No|6.7
Assassination of Jesse James by the Coward Robert Ford, The|&nbsp;|Brad Pitt, Mary-Louise Parker, Brooklynn Proulx, Dustin Bollinger|Biography, Crime, Drama, History, Western|R|2007|160 min|DVD|No|7.5
Astronaut's Wife, The|&nbsp;|Johnny Depp, Charlize Theron, Joe Morton, Clea DuVall|Drama, Sci-Fi, Thriller|R|1999|109 min|DVD|No|5.3
Atonement|&nbsp;|Saoirse Ronan, Ailidh Mackay, Brenda Blethyn, Julia West|Drama, Mystery, Romance, War|R|2007|123 min|DVD|No|7.8
Avatar|&nbsp;|Sam Worthington, Zoe Saldana, Sigourney Weaver, Stephen Lang|Action, Adventure, Fantasy, Sci-Fi|PG-13|2009|162 min|DVD|No|7.8
Bad Boys|&nbsp;|Lisa Boyle, Michael Taliferro, Emmanuel Xuereb, Tchéky Karyo|Action, Comedy, Crime, Thriller|R|1995|119 min|DVD|Yes|6.9
Bad Boys II|&nbsp;|Martin Lawrence, Will Smith, Jordi Mollà, Gabrielle Union|Action, Comedy, Crime, Thriller|R|2003|147 min|DVD|Yes|6.6
Basic Instinct||Michael Douglas, Sharon Stone, George Dzundza, Jeanne Tripplehorn|Drama, Mystery, Thriller|R|1992|127 min|DVD|Yes|6.9
Basic Instinct 2||Stan Collymore, Sharon Stone, Neil Maskell, David Thewlis|Drama, Mystery, Thriller|R|2006|114 min|DVD|Yes|4.3
Batman Begins|&nbsp;|Christian Bale, Michael Caine, Liam Neeson, Katie Holmes|Action, Adventure, Thriller|PG-13|2005|140 min|Bluray|Yes|8.3
Behind Enemy Lines|&nbsp;|Owen Wilson, Gene Hackman, Gabriel Macht, Charles Malik Whitfield|Action, Drama, Thriller, War|PG-13|2001|106 min|DVD|No|6.4
Benny & Joon|&nbsp;|Johnny Depp, Mary Stuart Masterson, Aidan Quinn, Julianne Moore|Comedy, Drama, Romance|PG|1993|98 min|DVD|No|7.2
Beowulf|&nbsp;|Robin Wright, Anthony Hopkins, Paul Baker, John Bilezikjian|Animation, Action, Adventure, Fantasy|PG-13|2007|115 min|DVD|No|6.2
Best of Depeche Mode Videos: Volume 1||Vince Clarke, Depeche Mode, Andrew Fletcher, David Gahan|N/A|N/A|2006|75 min|DVD|No|7.4
BFG, The|&nbsp;|David Jason, Amanda Root, Angela Thorne, Ballard Berkeley|Animation, Adventure, Drama, Family, Fantasy|N/A|1987|87 min|DVD|No|6.7
Big Trouble in Little China|&nbsp;|Kurt Russell, Kim Cattrall, Dennis Dun, James Hong|Action, Adventure, Comedy, Fantasy|PG-13|1986|99 min|DVD|No|7.3
Bill & Ted's Bogus Journey||Keanu Reeves, Alex Winter, William Sadler, Joss Ackland|Adventure, Comedy, Fantasy, Music, Sci-Fi|PG|1991|93 min|DVD|No|6.3
Billy Elliot|&nbsp;|Jamie Bell, Jean Heywood, Jamie Draven, Gary Lewis|Drama, Music, Romance|R|2000|110 min|DVD|No|7.7
Billy Elliot|&nbsp;|Elliott Hanna, Ollie Jochim, Bradley Perret, Matteo Zecca|Comedy, Drama, Music|NOT RATED|2014|169 min|DVD|No|8.5
Black Hawk Down|&nbsp;|Josh Hartnett, Ewan McGregor, Tom Sizemore, Eric Bana|Drama, History, War|R|2001|144 min|DVD|No|7.7
Blade II|&nbsp;|Wesley Snipes, Kris Kristofferson, Ron Perlman, Leonor Varela|Action, Horror, Sci-Fi, Thriller|R|2002|117 min|DVD|No|6.7
Blade Runner|&nbsp;|Harrison Ford, Rutger Hauer, Sean Young, Edward James Olmos|Sci-Fi, Thriller|R|1982|117 min|DVD|No|8.2
Blow|&nbsp;|Johnny Depp, Penélope Cruz, Franka Potente, Rachel Griffiths|Biography, Crime, Drama|R|2001|124 min|DVD|No|7.6
Bohemian Rhapsody||Rami Malek, Lucy Boynton, Gwilym Lee, Ben Hardy|Biography, Drama, Music|PG-13|2018|134 min|4K HDR|No|8.1
Bone Collector, The|&nbsp;|Denzel Washington, Angelina Jolie, Queen Latifah, Michael Rooker|Crime, Drama, Mystery, Thriller|R|1999|118 min|DVD|No|6.7
Bones|1|Emily Deschanel, David Boreanaz, Michaela Conlin, T.J. Thyne|Comedy, Crime, Drama, Mystery, Romance|TV-14|2005–2017|40 min|DVD|Yes|7.9
Boston Legal|1|James Spader, William Shatner, Candice Bergen, Rene Auberjonois|Comedy, Crime, Drama|TV-14|2004–2008|44 min|DVD|Yes|8.4
Boston Legal|2|James Spader, William Shatner, Candice Bergen, Rene Auberjonois|Comedy, Crime, Drama|TV-14|2004–2008|44 min|DVD|Yes|8.4
Boston Legal|3|James Spader, William Shatner, Candice Bergen, Rene Auberjonois|Comedy, Crime, Drama|TV-14|2004–2008|44 min|DVD|Yes|8.4
Boston Legal|4|James Spader, William Shatner, Candice Bergen, Rene Auberjonois|Comedy, Crime, Drama|TV-14|2004–2008|44 min|DVD|Yes|8.4
Boston Legal|5|James Spader, William Shatner, Candice Bergen, Rene Auberjonois|Comedy, Crime, Drama|TV-14|2004–2008|44 min|DVD|Yes|8.4
Bounty, The|&nbsp;|Mel Gibson, Anthony Hopkins, Laurence Olivier, Edward Fox|Action, Adventure, Drama, History, Romance|PG|1984|132 min|DVD|No|7.1
Bourne Identity, The|&nbsp;|Matt Damon, Franka Potente, Chris Cooper, Clive Owen|Action, Mystery, Thriller|PG-13|2002|119 min|DVD|No|7.9
Bourne Supremacy, The|&nbsp;|Matt Damon, Franka Potente, Brian Cox, Julia Stiles|Action, Mystery, Thriller|PG-13|2004|108 min|DVD|No|7.8
Bourne Ultimatum, The|&nbsp;|Matt Damon, Julia Stiles, David Strathairn, Scott Glenn|Action, Mystery, Thriller|PG-13|2007|115 min|DVD|No|8.0
Boy in the Striped Pajamas, The|&nbsp;|Asa Butterfield, Zac Mattoon O'Brien, Domonkos Németh, Henry Kingsmill|Drama, War|PG-13|2008|94 min|DVD|No|7.8
Bram Stoker's Dracula|&nbsp;|Gary Oldman, Winona Ryder, Anthony Hopkins, Keanu Reeves|Horror|R|1992|128 min|DVD|No|7.5
Brazil||Jonathan Pryce, Robert De Niro, Katherine Helmond, Ian Holm|Drama, Sci-Fi|R|1985|132 min|DVD|No|8.0
Breaking Bad|1|Bryan Cranston, Anna Gunn, Aaron Paul, Dean Norris|Crime, Drama, Thriller|TV-MA|2008–2013|49 min|DVD|Yes|9.5
Breaking Bad|2|Bryan Cranston, Anna Gunn, Aaron Paul, Dean Norris|Crime, Drama, Thriller|TV-MA|2008–2013|49 min|DVD|Yes|9.5
Breaking Bad|3|Bryan Cranston, Anna Gunn, Aaron Paul, Dean Norris|Crime, Drama, Thriller|TV-MA|2008–2013|49 min|DVD|Yes|9.5
Breaking Bad|4|Bryan Cranston, Anna Gunn, Aaron Paul, Dean Norris|Crime, Drama, Thriller|TV-MA|2008–2013|49 min|DVD|No|9.5
Breaking Bad|5|Bryan Cranston, Anna Gunn, Aaron Paul, Dean Norris|Crime, Drama, Thriller|TV-MA|2008–2013|49 min|DVD|Yes|9.5
Bucket List, The|&nbsp;|Jack Nicholson, Morgan Freeman, Sean Hayes, Beverly Todd|Adventure, Comedy, Drama|PG-13|2007|97 min|DVD|No|7.4
Cape Fear|&nbsp;|Gregory Peck, Robert Mitchum, Polly Bergen, Lori Martin|Drama, Thriller|NOT RATED|1962|106 min|DVD|Yes|7.8
Cape Fear|&nbsp;|Robert De Niro, Nick Nolte, Jessica Lange, Juliette Lewis|Crime, Thriller|R|1991|128 min|DVD|Yes|7.3
Captain Phillips|&nbsp;|Tom Hanks, Catherine Keener, Barkhad Abdi, Barkhad Abdirahman|Biography, Drama, Thriller|PG-13|2013|134 min|DVD|No|7.8
Captain Pugwash|1|Peter Hawkins|Animation, Family|N/A|1957–1966|5 min|DVD|No|6.7
Casino|&nbsp;|Robert De Niro, Sharon Stone, Joe Pesci, James Woods|Crime, Drama|R|1995|178 min|DVD|No|8.2
Casino Royale|&nbsp;|Daniel Craig, Eva Green, Mads Mikkelsen, Judi Dench|Action, Adventure, Thriller|PG-13|2006|144 min|Bluray|No|8.0
Charlie and the Chocolate Factory|&nbsp;|Johnny Depp, Freddie Highmore, David Kelly, Helena Bonham Carter|Adventure, Comedy, Family, Fantasy, Musical|PG|2005|115 min|DVD|No|6.7
Chicago|&nbsp;|Taye Diggs, Cliff Saunders, Catherine Zeta-Jones, Renée Zellweger|Comedy, Crime, Musical|PG-13|2002|113 min|DVD|No|7.2
Chocolat|&nbsp;|Alfred Molina, Carrie-Anne Moss, Aurelien Parent Koenig, Antonio Gil|Drama, Romance|PG-13|2000|121 min|DVD|No|7.3
Chronicles of Riddick, The|&nbsp;|Vin Diesel, Colm Feore, Thandie Newton, Judi Dench|Action, Adventure, Sci-Fi, Thriller|PG-13|2004|119 min|DVD|No|6.7
Chronicles of Riddick: Dark Fury|&nbsp;|Vin Diesel, Rhiana Griffith, Keith David, Roger Jackson|Action, Animation, Sci-Fi, Short|NOT RATED|2004|35 min|DVD|No|6.6
Cinderella Man|&nbsp;|Russell Crowe, Renée Zellweger, Paul Giamatti, Craig Bierko|Biography, Drama, Sport|PG-13|2005|144 min|DVD|No|8.0
Clash of the Titans||Sam Worthington, Liam Neeson, Ralph Fiennes, Jason Flemyng|Action, Adventure, Fantasy|PG-13|2010|106 min|DVD|No|5.8
Cloud Atlas|&nbsp;|Tom Hanks, Halle Berry, Jim Broadbent, Hugo Weaving|Action, Drama, Mystery, Sci-Fi|R|2012|172 min|DVD|No|7.5
Cold Mountain|&nbsp;|Jude Law, Nicole Kidman, Renée Zellweger, Eileen Atkins|Adventure, Drama, History, Romance, War|R|2003|154 min|DVD|No|7.2
Coldplay: Live 2003|&nbsp;|Coldplay, Guy Berryman, Jon Buckland, Will Champion|Documentary, Music|N/A|2003|130 min|DVD|No|8.4
Colombiana||Zoe Saldana, Jordi Mollà, Lennie James, Amandla Stenberg|Action, Drama, Thriller|PG-13|2011|108 min|DVD|No|6.4
Commitments, The|&nbsp;|Robert Arkins, Michael Aherne, Angeline Ball, Maria Doyle Kennedy|Comedy, Drama, Music|R|1991|118 min|DVD|No|7.6
Conan the Destroyer|&nbsp;|Arnold Schwarzenegger, Grace Jones, Wilt Chamberlain, Mako|Action, Adventure, Fantasy|PG|1984|103 min|DVD|No|5.9
Confessions of a Shopaholic|&nbsp;|Isla Fisher, Hugh Dancy, Krysten Ritter, Joan Cusack|Comedy, Family, Romance|PG|2009|104 min|DVD|No|5.9
Constantine|&nbsp;|Keanu Reeves, Rachel Weisz, Shia LaBeouf, Djimon Hounsou|Action, Fantasy, Horror, Mystery|R|2005|121 min|DVD|No|7.0
Contagion|&nbsp;|Gwyneth Paltrow, Tien You Chui, Josie Ho, Daria Strokous|Drama, Thriller|PG-13|2011|106 min|DVD|No|6.6
Coogan's Bluff|&nbsp;|Clint Eastwood, Lee J. Cobb, Susan Clark, Tisha Sterling|Action, Comedy, Crime|R|1968|93 min|DVD|No|6.5
Corpse Bride|&nbsp;|Johnny Depp, Helena Bonham Carter, Emily Watson, Tracey Ullman|Animation, Drama, Family, Fantasy, Musical, Romance|PG|2005|77 min|DVD|No|7.4
Coyote Ugly|&nbsp;|Piper Perabo, Adam Garcia, John Goodman, Maria Bello|Comedy, Drama, Music, Romance|PG-13|2000|100 min|DVD|No|5.6
Crouching Tiger, Hidden Dragon|&nbsp;|Yun-Fat Chow, Michelle Yeoh, Ziyi Zhang, Chen Chang|Action, Adventure, Fantasy, Romance|PG-13|2000|120 min|DVD|No|7.9
Cry-Baby|&nbsp;|Johnny Depp, Amy Locane, Susan Tyrrell, Polly Bergen|Comedy, Musical|PG-13|1990|85 min|DVD|No|6.5
Curious Case of Benjamin Button, The|&nbsp;|Cate Blanchett, Brad Pitt, Julia Ormond, Faune Chambers Watkins|Drama, Fantasy, Romance|PG-13|2008|166 min|DVD|No|7.8
Da Vinci Code, The|&nbsp;|Tom Hanks, Audrey Tautou, Ian McKellen, Jean Reno|Mystery, Thriller|PG-13|2006|149 min|DVD|No|6.6
Damien: Omen II|&nbsp;|William Holden, Lee Grant, Jonathan Scott-Taylor, Robert Foxworth|Horror|R|1978|107 min|DVD|Yes|6.3
Dances with Wolves|&nbsp;|Kevin Costner, Mary McDonnell, Graham Greene, Rodney A. Grant|Adventure, Drama, Western|PG-13|1990|181 min|DVD|No|8.0
Danish Girl, The|&nbsp;|Alicia Vikander, Eddie Redmayne, Tusse Silberg, Adrian Schiller|Biography, Drama, History, Romance|R|2015|119 min|Bluray|No|7.1
Dark Knight, The|&nbsp;|Christian Bale, Heath Ledger, Aaron Eckhart, Michael Caine|Action, Crime, Drama, Thriller|PG-13|2008|152 min|Bluray|Yes|9.0
Dark Shadows|&nbsp;|Johnny Depp, Michelle Pfeiffer, Helena Bonham Carter, Eva Green|Comedy, Fantasy, Horror|PG-13|2012|113 min|Bluray|No|6.2
Day After Tomorrow, The|&nbsp;|Dennis Quaid, Jake Gyllenhaal, Emmy Rossum, Dash Mihok|Action, Adventure, Sci-Fi, Thriller|PG-13|2004|124 min|DVD|No|6.4
Days of Thunder|&nbsp;|Tom Cruise, Nicole Kidman, Robert Duvall, Randy Quaid|Action, Drama, Sport|PG-13|1990|107 min|DVD|No|5.9
Dead Poets Society|&nbsp;|Robin Williams, Robert Sean Leonard, Ethan Hawke, Josh Charles|Comedy, Drama|PG|1989|128 min|DVD|No|8.1
Dead Pool, The|&nbsp;|Clint Eastwood, Patricia Clarkson, Liam Neeson, Evan C. Kim|Action, Crime, Mystery, Thriller|R|1988|91 min|DVD|Yes|6.3
Deer Hunter, The|&nbsp;|Robert De Niro, John Cazale, John Savage, Christopher Walken|Drama, War|R|1978|183 min|DVD|No|8.1
Defiance|&nbsp;|Daniel Craig, Liev Schreiber, Jamie Bell, Alexa Davalos|Action, Drama, History, Thriller, War|R|2008|137 min|DVD|No|7.2
Depeche Mode: 101||Andrew Fletcher, David Gahan, Martin Gore, Alan Wilder|Documentary, Music|R|1989|117 min|DVD|No|8.2
Depeche Mode: One Night in Paris||Andrew Fletcher, David Gahan, Martin Gore, Christian Eigner|Documentary, Music|N/A|2002|118 min|DVD|No|8.6
Desperado|&nbsp;|Antonio Banderas, Salma Hayek, Joaquim de Almeida, Cheech Marin|Action, Thriller|R|1995|104 min|DVD|Yes|7.2
Die Another Day|&nbsp;|Pierce Brosnan, Halle Berry, Toby Stephens, Rosamund Pike|Action, Adventure, Thriller|PG-13|2002|133 min|Bluray|Yes|6.1
Die Hard|&nbsp;|Bruce Willis, Bonnie Bedelia, Reginald VelJohnson, Paul Gleason|Action, Thriller|R|1988|132 min|DVD|Yes|8.2
Die Hard 2|&nbsp;|Bruce Willis, Bonnie Bedelia, William Atherton, Reginald VelJohnson|Action, Thriller|R|1990|124 min|DVD|Yes|7.1
Die Hard with a Vengeance|&nbsp;|Bruce Willis, Jeremy Irons, Samuel L. Jackson, Graham Greene|Action, Adventure, Thriller|R|1995|128 min|DVD|Yes|7.6
Dirty Dancing|&nbsp;|Jennifer Grey, Patrick Swayze, Jerry Orbach, Cynthia Rhodes|Drama, Music, Romance|PG-13|1987|100 min|DVD|No|6.9
Dirty Harry|&nbsp;|Clint Eastwood, Harry Guardino, Reni Santoni, John Vernon|Action, Crime, Thriller|R|1971|102 min|Bluray|Yes|7.8
Dirty Harry|&nbsp;|Clint Eastwood, Harry Guardino, Reni Santoni, John Vernon|Action, Crime, Thriller|R|1971|102 min|DVD|Yes|7.8
Django Unchained|&nbsp;|Jamie Foxx, Christoph Waltz, Leonardo DiCaprio, Kerry Washington|Drama, Western|R|2012|165 min|Bluray|No|8.4
Doctor Who|1|Matt Smith, David Tennant, Peter Capaldi, Jenna Coleman|Adventure, Drama, Family, Mystery, Sci-Fi|TV-PG|2005–|45 min|DVD|Yes|8.7
Doctor Who|2|Matt Smith, David Tennant, Peter Capaldi, Jenna Coleman|Adventure, Drama, Family, Mystery, Sci-Fi|TV-PG|2005–|45 min|DVD|Yes|8.7
Doctor Who|3|Matt Smith, David Tennant, Peter Capaldi, Jenna Coleman|Adventure, Drama, Family, Mystery, Sci-Fi|TV-PG|2005–|45 min|DVD|Yes|8.7
Doctor Who|4|Matt Smith, David Tennant, Peter Capaldi, Jenna Coleman|Adventure, Drama, Family, Mystery, Sci-Fi|TV-PG|2005–|45 min|DVD|Yes|8.7
Dogma|&nbsp;|Bud Cort, Barret Hackney, Jared Pfennigwerth, Kitao Sakurai|Adventure, Comedy, Drama, Fantasy|R|1999|130 min|DVD|No|7.3
Domino|&nbsp;|Keira Knightley, Mickey Rourke, Edgar Ramírez, Delroy Lindo|Action, Biography, Crime, Drama, Thriller|R|2005|127 min|DVD|No|6.0
Don Juan DeMarco|&nbsp;|Marlon Brando, Johnny Depp, Faye Dunaway, Géraldine Pailhas|Comedy, Drama, Romance|PG-13|1994|97 min|DVD|No|6.7
Donnie Brasco|&nbsp;|Al Pacino, Johnny Depp, Michael Madsen, Bruno Kirby|Biography, Crime, Drama|R|1997|127 min|DVD|No|7.8
Double Jeopardy|&nbsp;|Tommy Lee Jones, Ashley Judd, Benjamin Weir, Jay Brazeau|Crime, Drama, Mystery, Thriller|R|1999|105 min|DVD|No|6.4
Dr. No|&nbsp;|Sean Connery, Ursula Andress, Joseph Wiseman, Jack Lord|Action, Adventure, Thriller|PG|1962|110 min|Bluray|Yes|7.3
DragonHeart|&nbsp;|Dennis Quaid, David Thewlis, Pete Postlethwaite, Dina Meyer|Action, Adventure, Fantasy|PG-13|1996|103 min|DVD|No|6.4
Dune|&nbsp;|Francesca Annis, Leonardo Cimino, Brad Dourif, José Ferrer|Action, Adventure, Sci-Fi|PG-13|1984|137 min|DVD|No|6.6
Eagle Has Landed, The|&nbsp;|Michael Caine, Donald Sutherland, Robert Duvall, Jenny Agutter|Adventure, Drama, Thriller, War|PG|1976|123 min|DVD|No|6.9
East Is East|&nbsp;|Om Puri, Linda Bassett, Jordan Routledge, Archie Panjabi|Comedy, Drama|R|1999|96 min|DVD|No|6.9
Eastwood Directs: The Untold Story|&nbsp;|Kevin Bacon, John Calley, Kevin Costner, Joel Cox|Documentary|NOT RATED|2013|65 min|Bluray|Yes|6.7
Eastwood Factor, The|&nbsp;|Morgan Freeman, Clint Eastwood, Deborah Hopper|Documentary|NOT RATED|2010|89 min|Bluray|Yes|6.8
Ed Wood|&nbsp;|Johnny Depp, Martin Landau, Sarah Jessica Parker, Patricia Arquette|Biography, Comedy, Drama|R|1994|127 min|DVD|No|7.9
Edward Scissorhands|&nbsp;|Johnny Depp, Winona Ryder, Dianne Wiest, Anthony Michael Hall|Drama, Fantasy, Romance|PG-13|1990|105 min|DVD|No|7.9
Eight Below|&nbsp;|Paul Walker, Bruce Greenwood, Moon Bloodgood, Wendy Crewson|Adventure, Drama, Family|PG|2006|120 min|DVD|No|7.3
El Mariachi|&nbsp;|Carlos Gallardo, Consuelo Gómez, Jaime de Hoyos, Peter Marquardt|Action, Crime, Thriller|R|1992|81 min|DVD|Yes|6.9
End of Days|&nbsp;|Arnold Schwarzenegger, Gabriel Byrne, Robin Tunney, Kevin Pollak|Action, Fantasy, Horror, Thriller|R|1999|122 min|DVD|No|5.7
Enemy at the Gates|&nbsp;|Jude Law, Ed Harris, Rachel Weisz, Joseph Fiennes|Drama, History, War|R|2001|131 min|DVD|No|7.6
Enemy of the State|&nbsp;|Will Smith, Gene Hackman, Jon Voight, Lisa Bonet|Action, Crime, Mystery, Thriller|R|1998|132 min|DVD|No|7.3
Enforcer, The|&nbsp;|Clint Eastwood, Tyne Daly, Harry Guardino, Bradford Dillman|Action, Crime, Thriller|R|1976|96 min|DVD|Yes|6.8
Equalizer, The|&nbsp;|Denzel Washington, Marton Csokas, Chloë Grace Moretz, David Harbour|Action, Crime, Thriller|R|2014|132 min|Bluray|No|7.2
Evelyn|&nbsp;|Sophie Vavasseur, Niall Beagan, Hugh McDonagh, Pierce Brosnan|Drama|PG|2002|94 min|DVD|No|7.0
Every Which Way but Loose|&nbsp;|Clint Eastwood, Sondra Locke, Geoffrey Lewis, Beverly D'Angelo|Action, Comedy|PG|1978|114 min|DVD|Yes|6.3
Ex Machina||Domhnall Gleeson, Alicia Vikander, Oscar Isaac, Sonoya Mizuno|Drama, Mystery, Sci-Fi, Thriller|R|2014|108 min|DVD|No|7.7
Excalibur|&nbsp;|Nigel Terry, Helen Mirren, Nicholas Clay, Cherie Lunghi|Adventure, Drama, Fantasy, Romance|PG|1981|140 min|DVD|No|7.4
Exit Wounds|&nbsp;|Steven Seagal, DMX, Isaiah Washington, Anthony Anderson|Action, Comedy, Crime, Drama, Thriller|R|2001|101 min|DVD|Yes|5.5
Exodus: Gods and Kings|&nbsp;|Christian Bale, Joel Edgerton, John Turturro, Aaron Paul|Action, Adventure, Drama, Fantasy|PG-13|2014|150 min|DVD|No|6.0
Fallen|&nbsp;|Denzel Washington, John Goodman, Donald Sutherland, Embeth Davidtz|Action, Crime, Drama, Fantasy, Mystery, Thriller|R|1998|124 min|DVD|No|7.0
Family Man, The|&nbsp;|Nicolas Cage, Téa Leoni, Don Cheadle, Jeremy Piven|Comedy, Drama, Fantasy, Romance|PG-13|2000|125 min|DVD|No|6.7
Far and Away|&nbsp;|Tom Cruise, Nicole Kidman, Thomas Gibson, Robert Prosky|Adventure, Drama, Romance, Western|PG-13|1992|140 min|DVD|No|6.6
Fifth Element, The|&nbsp;|Bruce Willis, Gary Oldman, Ian Holm, Milla Jovovich|Action, Adventure, Sci-Fi|PG-13|1997|126 min|DVD|No|7.7
Fight Club|&nbsp;|Edward Norton, Brad Pitt, Meat Loaf, Zach Grenier|Drama|R|1999|139 min|DVD|No|8.8
Final Conflict, The|&nbsp;|Sam Neill, Rossano Brazzi, Don Gordon, Lisa Harrow|Horror|R|1981|108 min|DVD|Yes|5.6
Final Destination|&nbsp;|Devon Sawa, Ali Larter, Kerr Smith, Kristen Cloke|Horror, Thriller|R|2000|98 min|DVD|No|6.7
Final Destination 2|&nbsp;|Ali Larter, A.J. Cook, Michael Landes, David Paetkau|Horror, Thriller|R|2003|90 min|DVD|No|6.2
Final Destination 3|&nbsp;|Mary Elizabeth Winstead, Ryan Merriman, Kris Lemche, Alexz Johnson|Horror, Thriller|R|2006|93 min|DVD|No|5.8
Finding Forrester|&nbsp;|Sean Connery, Rob Brown, F. Murray Abraham, Anna Paquin|Drama|PG-13|2000|136 min|DVD|No|7.3
Finding Neverland|&nbsp;|Johnny Depp, Kate Winslet, Julie Christie, Radha Mitchell|Biography, Drama, Family|PG|2004|106 min|DVD|No|7.7
Flags of our Fathers|&nbsp;|Ryan Phillippe, Jesse Bradford, Adam Beach, John Benjamin Hickey|Drama, History, War|R|2006|135 min|Bluray|Yes|7.1
For a Few Dollars More|&nbsp;|Clint Eastwood, Lee Van Cleef, Gian Maria Volontè, Mario Brega|Western|R|1965|132 min|DVD|No|8.3
Formula 51|&nbsp;|Samuel L. Jackson, Nigel Whitmey, Robert Jezek, Emily Mortimer|Action, Comedy, Crime, Thriller|R|2001|93 min|DVD|No|6.3
Fourth Protocol, The|&nbsp;|Michael Caine, Pierce Brosnan, Ned Beatty, Joanna Cassidy|Thriller|R|1987|119 min|DVD|No|6.5
French Connection II|&nbsp;|Gene Hackman, Fernando Rey, Bernard Fresson, Philippe Léotard|Action, Crime, Drama, Thriller|R|1975|119 min|DVD|Yes|6.8
French Connection, The|&nbsp;|Gene Hackman, Fernando Rey, Roy Scheider, Tony Lo Bianco|Action, Crime, Drama, Thriller|R|1971|104 min|DVD|Yes|7.8
Frequency|&nbsp;|Dennis Quaid, Jim Caviezel, Shawn Doyle, Elizabeth Mitchell|Crime, Drama, Mystery, Sci-Fi, Thriller|PG-13|2000|118 min|DVD|No|7.4
From Hell|&nbsp;|Johnny Depp, Heather Graham, Ian Holm, Robbie Coltrane|Horror, Mystery, Thriller|R|2001|122 min|DVD|No|6.8
From Russia with Love|&nbsp;|Sean Connery, Daniela Bianchi, Pedro Armendáriz, Lotte Lenya|Action, Adventure, Thriller|PG|1963|115 min|Bluray|Yes|7.5
Full Metal Jacket|&nbsp;|Matthew Modine, Adam Baldwin, Vincent D'Onofrio, R. Lee Ermey|Drama, War|R|1987|116 min|DVD|No|8.3
Full Monty, The|&nbsp;|Robert Carlyle, Mark Addy, Wim Snape, Steve Huison|Comedy, Drama|R|1997|91 min|DVD|No|7.2
Fury|&nbsp;|Brad Pitt, Shia LaBeouf, Logan Lerman, Michael Peña|Action, Drama, War|R|2014|134 min|Bluray|No|7.6
Gauntlet, The|&nbsp;|Clint Eastwood, Sondra Locke, Pat Hingle, William Prince|Action, Crime, Thriller|R|1977|109 min|Bluray|Yes|6.4
Get Carter|&nbsp;|Michael Caine, Ian Hendry, Britt Ekland, John Osborne|Crime, Thriller|R|1971|112 min|DVD|No|7.5
Ghost|&nbsp;|Patrick Swayze, Demi Moore, Whoopi Goldberg, Tony Goldwyn|Drama, Fantasy, Romance, Thriller|PG-13|1990|127 min|DVD|No|7.0
Ghost Ship|&nbsp;|Gabriel Byrne, Julianna Margulies, Ron Eldard, Desmond Harrington|Horror|R|2002|91 min|DVD|No|5.5
Girl on the Train, The|&nbsp;|Emily Blunt, Haley Bennett, Rebecca Ferguson, Justin Theroux|Crime, Drama, Mystery, Thriller|R|2016|112 min|DVD|No|6.5
Girl Who Kicked the Hornet's Nest, The|&nbsp;|Michael Nyqvist, Noomi Rapace, Lena Endre, Annika Hallin|Crime, Drama, Thriller|R|2009|147 min|Bluray|Yes|7.3
Girl Who Played with Fire, The|&nbsp;|Michael Nyqvist, Noomi Rapace, Lena Endre, Peter Andersson|Crime, Drama, Mystery, Thriller|R|2009|129 min|Bluray|Yes|7.2
Girl with the Dragon Tattoo, The|&nbsp;|Michael Nyqvist, Noomi Rapace, Lena Endre, Sven-Bertil Taube|Crime, Drama, Mystery, Thriller|R|2009|152 min|Bluray|Yes|7.8
Gladiator|&nbsp;|Russell Crowe, Joaquin Phoenix, Connie Nielsen, Oliver Reed|Action, Adventure, Drama|R|2000|155 min|DVD|No|8.5
Glass||James McAvoy, Bruce Willis, Samuel L. Jackson, Anya Taylor-Joy|Drama, Sci-Fi, Thriller|PG-13|2019|129 min|4K HDR|No|6.8
GoldenEye|&nbsp;|Pierce Brosnan, Sean Bean, Izabella Scorupco, Famke Janssen|Action, Adventure, Thriller|PG-13|1995|130 min|DVD|No|7.2
Gone Girl||Ben Affleck, Rosamund Pike, Neil Patrick Harris, Tyler Perry|Drama, Mystery, Thriller|R|2014|149 min|DVD|No|8.1
Gone in Sixty Seconds|&nbsp;|Nicolas Cage, Giovanni Ribisi, Angelina Jolie, T.J. Cross|Action, Crime, Thriller|PG-13|2000|118 min|DVD|No|6.5
Good Will Hunting|&nbsp;|Matt Damon, Ben Affleck, Stellan Skarsgård, John Mighton|Drama, Romance|R|1997|126 min|DVD|No|8.3
Good, the Bad and the Ugly, The|&nbsp;|Eli Wallach, Clint Eastwood, Lee Van Cleef, Aldo Giuffrè|Western|R|1966|178 min|DVD|No|8.9
Goodfellas|&nbsp;|Robert De Niro, Ray Liotta, Joe Pesci, Lorraine Bracco|Crime, Drama|R|1990|146 min|DVD|No|8.7
Gothika|&nbsp;|Halle Berry, Robert Downey Jr., Charles S. Dutton, John Carroll Lynch|Horror, Mystery, Thriller|R|2003|98 min|DVD|No|5.8
Gran Torino|&nbsp;|Clint Eastwood, Christopher Carley, Bee Vang, Ahney Her|Drama|R|2008|116 min|Bluray|Yes|8.1
Grease|&nbsp;|John Travolta, Olivia Newton-John, Stockard Channing, Jeff Conaway|Musical, Romance|PG-13|1978|110 min|DVD|Yes|7.2
Grease 2|&nbsp;|Maxwell Caulfield, Michelle Pfeiffer, Lorna Luft, Maureen Teefy|Comedy, Drama, Musical, Romance|PG|1982|115 min|DVD|Yes|4.3
Great Escape, The|&nbsp;|Steve McQueen, James Garner, Richard Attenborough, James Donald|Adventure, Drama, History, Thriller, War|APPROVED|1963|172 min|DVD|No|8.2
Great Rock 'n' Roll Swindle, The|&nbsp;|Malcolm McLaren, Steve Jones, Paul Cook, Sid Vicious|Music|N/A|1980|103 min|DVD|No|6.5
Green Mile, The|&nbsp;|Tom Hanks, David Morse, Bonnie Hunt, Michael Clarke Duncan|Crime, Drama, Fantasy, Mystery|R|1999|189 min|DVD|No|8.5
Green Zone||Igal Naor, Said Faraj, Faycal Attougui, Aymen Hamdouchi|Action, Drama, Thriller, War|R|2010|115 min|DVD|No|6.8
Guns of Navarone, The|&nbsp;|Gregory Peck, David Niven, Anthony Quinn, Stanley Baker|Action, Adventure, Drama, War|TV-PG|1961|158 min|DVD|No|7.6
Hairspray|&nbsp;|John Travolta, Michelle Pfeiffer, Christopher Walken, Amanda Bynes|Comedy, Drama, Music, Musical, Romance|PG|2007|117 min|DVD|No|6.7
Hamburger Hill|&nbsp;|Anthony Barrile, Michael Boatman, Don Cheadle, Michael Dolan|Action, Drama, Thriller, War|R|1987|110 min|DVD|No|6.7
Hannibal|&nbsp;|Anthony Hopkins, Julianne Moore, Gary Oldman, Ray Liotta|Crime, Drama, Thriller|R|2001|131 min|DVD|No|6.8
Hannibal|1|Hugh Dancy, Mads Mikkelsen, Caroline Dhavernas, Laurence Fishburne|Crime, Drama, Horror, Mystery, Thriller|TV-14|2013–2015|44 min|DVD|Yes|8.5
Hannibal|2|Hugh Dancy, Mads Mikkelsen, Caroline Dhavernas, Laurence Fishburne|Crime, Drama, Horror, Mystery, Thriller|TV-14|2013–2015|44 min|DVD|Yes|8.5
Hannibal|3|Hugh Dancy, Mads Mikkelsen, Caroline Dhavernas, Laurence Fishburne|Crime, Drama, Horror, Mystery, Thriller|TV-14|2013–2015|44 min|DVD|Yes|8.5
Harry Brown|&nbsp;|Michael Caine, Emily Mortimer, Charlie Creed-Miles, David Bradley|Action, Crime, Drama, Thriller|R|2009|103 min|DVD|No|7.2
Harry Potter and the Chamber of Secrets|&nbsp;|Daniel Radcliffe, Rupert Grint, Emma Watson, Richard Griffiths|Adventure, Family, Fantasy, Mystery|PG|2002|161 min|DVD|No|7.4
Harry Potter and the Deathly Hallows: Part 1|&nbsp;|Bill Nighy, Emma Watson, Richard Griffiths, Harry Melling|Adventure, Fantasy, Mystery|PG-13|2010|146 min|Bluray|No|7.7
Harry Potter and the Deathly Hallows: Part 2|&nbsp;|Ralph Fiennes, Michael Gambon, Alan Rickman, Daniel Radcliffe|Adventure, Drama, Fantasy, Mystery|PG-13|2011|130 min|Bluray|No|8.1
Harry Potter and the Goblet of Fire|&nbsp;|Eric Sykes, Timothy Spall, David Tennant, Daniel Radcliffe|Adventure, Family, Fantasy, Mystery|PG-13|2005|157 min|DVD|No|7.7
Harry Potter and the Half-Blood Prince|&nbsp;|Daniel Radcliffe, Michael Gambon, Dave Legeno, Elarica Johnson|Adventure, Family, Fantasy, Mystery|PG|2009|153 min|Bluray|No|7.6
Harry Potter and the Order of the Phoenix|&nbsp;|Daniel Radcliffe, Harry Melling, Jason Boyd, Richard Macklin|Adventure, Family, Fantasy, Mystery|PG-13|2007|138 min|DVD|No|7.5
Harry Potter and the Prisoner of Azkaban|&nbsp;|Daniel Radcliffe, Richard Griffiths, Pam Ferris, Fiona Shaw|Adventure, Family, Fantasy, Mystery|PG|2004|142 min|DVD|No|7.9
Harry Potter and the Sorcerer's Stone|&nbsp;|Richard Harris, Maggie Smith, Robbie Coltrane, Saunders Triplets|Adventure, Family, Fantasy|PG|2001|152 min|DVD|No|7.6
Heartbreak Ridge|&nbsp;|Clint Eastwood, Marsha Mason, Everett McGill, Moses Gunn|Drama, War|R|1986|130 min|Bluray|Yes|6.8
Heat|&nbsp;|Al Pacino, Robert De Niro, Val Kilmer, Jon Voight|Crime, Drama, Thriller|R|1995|170 min|DVD|No|8.2
Hereafter|&nbsp;|Matt Damon, Cécile de France, Thierry Neuvic, Cyndi Mayo, Lisa Griffiths|Drama, Fantasy|PG-13|2010|129 min|Bluray|Yes|6.5
High Plains Drifter|&nbsp;|Clint Eastwood, Verna Bloom, Marianna Hill, Mitchell Ryan|Mystery, Western|R|1973|105 min|DVD|No|7.6
Highlander|&nbsp;|Christopher Lambert, Roxanne Hart, Clancy Brown, Sean Connery|Action, Adventure, Fantasy|R|1986|116 min|DVD|No|7.2
Hitler: The Rise of Evil|1|Peter Stormare, Friedrich von Thun, Peter O'Toole, Zoe Telford|Biography, Drama, History, War|N/A|2003|130 min|DVD|No|7.3
Hobbit: An Unexpected Journey||Ian McKellen, Martin Freeman, Richard Armitage, Ken Stott|Adventure, Family, Fantasy|PG-13|2012|169 min|Bluray|No|7.9
Homeward Bound II: Lost in San Francisco|&nbsp;|Michael J. Fox, Sally Field, Ralph Waite, Al Michaels|Adventure, Comedy, Family, Romance|G|1996|88 min|DVD|No|5.9
Hook|&nbsp;|Dustin Hoffman, Robin Williams, Julia Roberts, Bob Hoskins|Adventure, Comedy, Family, Fantasy|PG|1991|142 min|DVD|No|6.7
House of Flying Daggers|&nbsp;|Takeshi Kaneshiro, Andy Lau, Ziyi Zhang, Dandan Song|Action, Adventure, Drama, Romance|PG-13|2004|119 min|DVD|No|7.6
House on Haunted Hill|&nbsp;|Geoffrey Rush, Famke Janssen, Taye Diggs, Peter Gallagher|Horror, Mystery, Thriller|R|1999|93 min|DVD|No|5.6
How the Grinch Stole Christmas|&nbsp;|Jim Carrey, Taylor Momsen, Kelley, Jeffrey Tambor|Comedy, Family, Fantasy|PG|2000|104 min|DVD|No|6.1
Hunger Games, The|&nbsp;|Stanley Tucci, Wes Bentley, Jennifer Lawrence, Willow Shields|Action, Adventure, Sci-Fi, Thriller|PG-13|2012|142 min|DVD|No|7.2
Hurricane, The|&nbsp;|Denzel Washington, Vicellous Shannon, Deborah Kara Unger, Liev Schreiber|Biography, Drama, Sport|R|1999|146 min|DVD|No|7.6
I, Robot|&nbsp;|Will Smith, Bridget Moynahan, Alan Tudyk, James Cromwell|Action, Crime, Drama, Mystery, Sci-Fi, Thriller|PG-13|2004|115 min|DVD|No|7.1
I.D.|&nbsp;|Reece Dinsdale, Richard Graham, Perry Fenwick, Philip Glenister|Crime, Drama|N/A|1995|107 min|DVD|No|7.4
Imitation Game, The|&nbsp;|Benedict Cumberbatch, Keira Knightley, Matthew Goode, Rory Kinnear|Biography, Drama, Thriller, War|PG-13|2014|114 min|DVD|No|8.0
In the Line of Fire|&nbsp;|Clint Eastwood, John Malkovich, Rene Russo, Dylan McDermott|Action, Crime, Drama, Thriller|R|1993|128 min|DVD|No|7.2
In the Valley of Elah|&nbsp;|Tommy Lee Jones, Charlize Theron, Jason Patric, Susan Sarandon|Crime, Drama, Mystery, Thriller|R|2007|121 min|DVD|No|7.2
Inception|&nbsp;|Leonardo DiCaprio, Joseph Gordon-Levitt, Ellen Page, Tom Hardy|Action, Adventure, Sci-Fi, Thriller|PG-13|2010|148 min|DVD|No|8.8
Indiana Jones and the Last Crusade|&nbsp;|Harrison Ford, Sean Connery, Denholm Elliott, Alison Doody|Action, Adventure, Fantasy|PG-13|1989|127 min|DVD|Yes|8.2
Indiana Jones and the Temple of Doom|&nbsp;|Harrison Ford, Kate Capshaw, Jonathan Ke Quan, Amrish Puri|Action, Adventure|PG|1984|118 min|DVD|Yes|7.6
Inglourious Basterds|&nbsp;|Brad Pitt, Mélanie Laurent, Christoph Waltz, Eli Roth|Adventure, Drama, War|R|2009|153 min|DVD|No|8.3
Invictus|&nbsp;|Morgan Freeman, Matt Damon, Tony Kgoroge, Patrick Mofokeng|Biography, Drama, History, Sport|PG-13|2009|134 min|Bluray|Yes|7.3
J. Edgar|&nbsp;|Leonardo DiCaprio, Josh Hamilton, Geoff Pierson, Cheryl Lawson|Biography, Crime, Drama, History, Romance|R|2011|137 min|Bluray|Yes|6.6
Jack and the Beanstalk|&nbsp;|Bud Abbott, Lou Costello, Dorothy Ford, Buddy Baer|Comedy, Family, Fantasy, Musical, Romance|NOT RATED|1952|70 min|DVD|Yes|6.1
JFK|&nbsp;|Sally Kirkland, Anthony Ramirez, Ray LePere, Steve Reed|Drama, History, Thriller|R|1991|189 min|DVD|No|8.0
John Carter|&nbsp;|Taylor Kitsch, Lynn Collins, Samantha Morton, Willem Dafoe|Action, Adventure, Sci-Fi|PG-13|2012|132 min|DVD|No|6.6
John Wick||Keanu Reeves, Michael Nyqvist, Alfie Allen, Willem Dafoe|Action, Crime, Thriller|R|2014|101 min|Bluray|Yes|7.3
John Wick: Chapter 2||Keanu Reeves, Riccardo Scamarcio, Ian McShane, Ruby Rose|Action, Crime, Thriller|R|2017|122 min|Bluray|Yes|7.5
Jupiter Ascending|&nbsp;|Mila Kunis, Channing Tatum, Sean Bean, Eddie Redmayne|Action, Adventure, Sci-Fi|PG-13|2015|127 min|DVD|No|5.3
K-19: The Widowmaker|&nbsp;|Sam Spruell, Peter Stebbings, Christian Camargo, Roman Podhora|Drama, History, Thriller, War|PG-13|2002|138 min|DVD|No|6.7
Kalifornia|&nbsp;|Brad Pitt, Kathy Larson, David Milford, David Duchovny|Crime, Drama, Thriller|R|1993|117 min|DVD|No|6.7
Kelly's Heroes|&nbsp;|Clint Eastwood, Telly Savalas, Don Rickles, Carroll O'Connor|Adventure, Comedy, War|PG|1970|144 min|DVD|No|7.7
Kelly's Heroes|&nbsp;|Clint Eastwood, Telly Savalas, Don Rickles, Carroll O'Connor|Adventure, Comedy, War|PG|1970|144 min|Bluray|Yes|7.7
Kes||David Bradley, Freddie Fletcher, Lynne Perrie, Colin Welland|Drama, Family|PG-13|1969|111 min|DVD|No|7.9
Kill Bill: Vol. 1|&nbsp;|Uma Thurman, Lucy Liu, Vivica A. Fox, Daryl Hannah|Action, Crime, Thriller|R|2003|111 min|DVD|Yes|8.1
Kill Bill: Vol. 2|&nbsp;|Vivica A. Fox, Ambrosia Kelley, Michael Parks, James Parks|Action, Crime, Thriller|R|2004|137 min|DVD|Yes|8.0
King and I, The|&nbsp;|Deborah Kerr, Yul Brynner, Rita Moreno, Martin Benson|Biography, Drama, Musical, Romance|G|1956|133 min|DVD|No|7.5
King Arthur|&nbsp;|Clive Owen, Ioan Gruffudd, Mads Mikkelsen, Joel Edgerton|Action, Adventure, Drama, History, War|PG-13|2004|126 min|DVD|No|6.3
King Arthur: Legend of the Sword|&nbsp;|Charlie Hunnam, Astrid Bergès-Frisbey, Jude Law, Djimon Hounsou|Action, Adventure, Drama, Fantasy|PG-13|2017|126 min|DVD|No|6.8
King Kong|&nbsp;|Naomi Watts, Jack Black, Adrien Brody, Thomas Kretschmann|Action, Adventure, Drama, Romance|PG-13|2005|187 min|DVD|No|7.2
Kingdom, The|&nbsp;|Jamie Foxx, Chris Cooper, Jennifer Garner, Jason Bateman|Action, Drama, Thriller|R|2007|110 min|DVD|No|7.0
Labyrinth|&nbsp;|David Bowie, Jennifer Connelly, Toby Froud, Shelley Thompson|Adventure, Family, Fantasy, Musical|PG|1986|101 min|DVD|No|7.4
Lady in the Water||Paul Giamatti, Bryce Dallas Howard, Jeffrey Wright, Bob Balaban|Drama, Fantasy, Mystery, Thriller|PG-13|2006|110 min|DVD|No|5.6
Lara Croft Tomb Raider: The Cradle of Life||Angelina Jolie, Gerard Butler, Ciarán Hinds, Chris Barrie|Action, Adventure, Fantasy|PG-13|2003|117 min|DVD|Yes|5.5
Lara Croft: Tomb Raider||Angelina Jolie, Jon Voight, Iain Glen, Noah Taylor|Action, Adventure, Fantasy, Thriller|PG-13|2001|100 min|DVD|Yes|5.8
Last Boy Scout, The|&nbsp;|Bruce Willis, Damon Wayans, Chelsea Field, Noble Willingham|Action, Comedy, Crime, Thriller|R|1991|105 min|DVD|No|7.0
Last of the Mohicans, The|&nbsp;|Daniel Day-Lewis, Madeleine Stowe, Russell Means, Eric Schweig|Action, Adventure, Drama, Romance, War|R|1992|112 min|DVD|No|7.8
Layer Cake|&nbsp;|Daniel Craig, Tom Hardy, Jamie Foreman, Sally Hawkins|Action, Crime, Drama, Thriller|R|2004|105 min|DVD|No|7.4
League of Extraordinary Gentlemen, The|&nbsp;|Sean Connery, Naseeruddin Shah, Peta Wilson, Tony Curran|Action, Adventure, Fantasy, Sci-Fi|PG-13|2003|110 min|DVD|No|5.8
Legally Blonde|&nbsp;|Reese Witherspoon, Luke Wilson, Selma Blair, Matthew Davis|Comedy, Romance|PG-13|2001|96 min|DVD|No|6.3
Léon: The Professional|&nbsp;|Jean Reno, Gary Oldman, Natalie Portman, Danny Aiello|Crime, Drama, Thriller|R|1994|110 min|DVD|No|8.6
Les Misérables in Concert: The 25th Anniversary|&nbsp;|Alfie Boe, Norm Lewis, Matt Lucas, Jenny Galloway|Drama, Music, Musical|NOT RATED|2010|178 min|DVD|No|8.8
Lethal Weapon|&nbsp;|Mel Gibson, Danny Glover, Gary Busey, Mitchell Ryan|Action, Crime, Thriller|R|1987|109 min|DVD|No|7.6
Lethal Weapon 2|&nbsp;|Mel Gibson, Danny Glover, Joe Pesci, Joss Ackland|Action, Crime, Thriller|R|1989|114 min|DVD|No|7.2
Lethal Weapon 3|&nbsp;|Mel Gibson, Danny Glover, Joe Pesci, Rene Russo|Action, Crime, Thriller|R|1992|118 min|DVD|No|6.7
Lethal Weapon 4|&nbsp;|Mel Gibson, Danny Glover, Joe Pesci, Rene Russo|Action, Crime, Thriller|R|1998|127 min|DVD|No|6.6
Letters from Iwo Jima|&nbsp;|Ken Watanabe, Kazunari Ninomiya, Tsuyoshi Ihara, Ryo Kase|Drama, History, War|R|2006|141 min|Bluray|Yes|7.9
Life of Brian|&nbsp;|Graham Chapman, John Cleese, Terry Gilliam, Eric Idle|Comedy|R|1979|94 min|DVD|Yes|8.1
Live Aid|&nbsp;|Bob Geldof, Bryan Adams, Stuart Adamson, Mo Amin|Documentary, Music|N/A|1985|960 min|DVD|Yes|8.5
Live and Let Die|&nbsp;|Roger Moore, Yaphet Kotto, Jane Seymour, Clifton James|Action, Adventure, Thriller|PG|1973|121 min|Bluray|Yes|6.8
Lock, Stock and Two Smoking Barrels|&nbsp;|Jason Flemyng, Dexter Fletcher, Nick Moran, Jason Statham|Comedy, Crime|R|1998|107 min|DVD|No|8.2
London Boulevard|&nbsp;|Colin Farrell, Keira Knightley, David Thewlis, Anna Friel|Crime, Drama|R|2010|103 min|DVD|No|6.2
Lone Ranger, The|&nbsp;|Johnny Depp, Armie Hammer, William Fichtner, Tom Wilkinson|Action, Adventure, Western|PG-13|2013|150 min|DVD|No|6.4
Longest Yard, The|&nbsp;|Adam Sandler, Chris Rock, Burt Reynolds, Nelly|Comedy, Crime, Sport|PG-13|2005|113 min|DVD|No|6.4
Lord of the Rings: The Fellowship of the Ring|&nbsp;|Alan Howard, Noel Appleby, Sean Astin, Sala Baker|Adventure, Drama, Fantasy|PG-13|2001|178 min|DVD|No|8.8
Lord of the Rings: The Return of the King|&nbsp;|Noel Appleby, Ali Astin, Sean Astin, David Aston|Action, Adventure, Drama, Fantasy|PG-13|2003|201 min|DVD|No|8.9
Lord of the Rings: The Two Towers|&nbsp;|Bruce Allpress, Sean Astin, John Bach, Sala Baker|Adventure, Drama, Fantasy|PG-13|2002|179 min|DVD|No|8.7
Lost|1|Jorge Garcia, Josh Holloway, Yunjin Kim, Evangeline Lilly|Adventure, Drama, Fantasy, Mystery, Sci-Fi, Thriller|TV-14|2004–2010|44 min|DVD|Yes|8.4
Lost|2|Jorge Garcia, Josh Holloway, Yunjin Kim, Evangeline Lilly|Adventure, Drama, Fantasy, Mystery, Sci-Fi, Thriller|TV-14|2004–2010|44 min|DVD|Yes|8.4
Lost|3|Jorge Garcia, Josh Holloway, Yunjin Kim, Evangeline Lilly|Adventure, Drama, Fantasy, Mystery, Sci-Fi, Thriller|TV-14|2004–2010|44 min|DVD|Yes|8.4
Lost|4|Jorge Garcia, Josh Holloway, Yunjin Kim, Evangeline Lilly|Adventure, Drama, Fantasy, Mystery, Sci-Fi, Thriller|TV-14|2004–2010|44 min|DVD|Yes|8.4
Lost|5|Jorge Garcia, Josh Holloway, Yunjin Kim, Evangeline Lilly|Adventure, Drama, Fantasy, Mystery, Sci-Fi, Thriller|TV-14|2004–2010|44 min|DVD|Yes|8.4
Lost|6|Jorge Garcia, Josh Holloway, Yunjin Kim, Evangeline Lilly|Adventure, Drama, Fantasy, Mystery, Sci-Fi, Thriller|TV-14|2004–2010|44 min|DVD|Yes|8.4
Lost Boys, The|&nbsp;|Jason Patric, Corey Haim, Dianne Wiest, Barnard Hughes|Comedy, Horror|R|1987|97 min|DVD|No|7.3
Lost in La Mancha|&nbsp;|Tony Grisoni, Philip A. Patterson, René Cleitman, Terry Gilliam|Documentary|R|2002|89 min|DVD|No|7.4
Machinist, The|&nbsp;|Christian Bale, Jennifer Jason Leigh, Aitana Sánchez-Gijón, John Sharian|Drama, Thriller|R|2004|101 min|DVD|No|7.7
Mad Max||Mel Gibson, Joanne Samuel, Hugh Keays-Byrne, Steve Bisley|Action, Adventure, Sci-Fi, Thriller|R|1979|88 min|DVD|Yes|6.9
Mad Max: Beyond Thunderdome||Mel Gibson, Bruce Spence, Adam Cockburn, Tina Turner|Action, Adventure, Sci-Fi|PG-13|1985|107 min|DVD|Yes|6.3
Mad Max: Fury Road|&nbsp;|Tom Hardy, Charlize Theron, Nicholas Hoult, Hugh Keays-Byrne|Action, Adventure, Sci-Fi, Thriller|R|2015|120 min|DVD|No|8.1
Mad Max: The Road Warrior||Mel Gibson, Bruce Spence, Michael Preston, Max Phipps|Action, Adventure, Sci-Fi, Thriller|R|1981|94 min|DVD|Yes|7.6
Madame Butterfly|&nbsp;|Ying Huang, Richard Troxell, Ning Liang, Richard Cowan|Drama, Music|N/A|1995|134 min|DVD|No|7.0
Magnificent Seven, The|&nbsp;|Yul Brynner, Eli Wallach, Steve McQueen, Horst Buchholz|Action, Adventure, Western|APPROVED|1960|128 min|DVD|No|7.8
Magnum Force|&nbsp;|Clint Eastwood, Hal Holbrook, Mitchell Ryan, David Soul|Action, Crime, Mystery, Thriller|R|1973|124 min|Bluray|Yes|7.2
Magnum Force|&nbsp;|Clint Eastwood, Hal Holbrook, Mitchell Ryan, David Soul|Action, Crime, Mystery, Thriller|R|1973|124 min|DVD|Yes|7.2
Man on Fire|&nbsp;|Denzel Washington, Dakota Fanning, Radha Mitchell, Christopher Walken|Action, Crime, Drama, Thriller|R|2004|146 min|DVD|No|7.7
Man Who Fell to Earth, The|&nbsp;|David Bowie, Rip Torn, Candy Clark, Buck Henry|Sci-Fi, Drama|R|1976|139 min|DVD|No|6.7
Man Who Would Be King, The|&nbsp;|Sean Connery, Michael Caine, Christopher Plummer, Saeed Jaffrey|Adventure|PG|1975|129 min|DVD|No|7.9
Man with the Golden Gun, The|&nbsp;|Roger Moore, Christopher Lee, Britt Ekland, Maud Adams|Action, Adventure, Thriller|PG|1974|125 min|DVD|No|6.8
Manhunter|&nbsp;|William Petersen, Kim Greist, Joan Allen, Brian Cox|Crime, Horror, Mystery, Thriller|R|1986|120 min|DVD|No|7.2
Matrix Reloaded, The|&nbsp;|Ray Anthony, Christine Anu, Andy Arness, Alima Ashton-Sheibu|Action, Sci-Fi|R|2003|138 min|DVD|Yes|7.2
Matrix Revolutions, The|&nbsp;|Mary Alice, Tanveer K. Atwal, Helmut Bakaitis, Kate Beahan|Action, Sci-Fi|R|2003|129 min|DVD|Yes|6.7
Matrix, The|&nbsp;|Keanu Reeves, Laurence Fishburne, Carrie-Anne Moss, Hugo Weaving|Action, Sci-Fi|R|1999|136 min|DVD|Yes|8.7
Meaning of Life, The|&nbsp;|Graham Chapman, John Cleese, Terry Gilliam, Eric Idle|Comedy, Musical|R|1983|107 min|DVD|Yes|7.6
Meet Joe Black|&nbsp;|Brad Pitt, Anthony Hopkins, Claire Forlani, Jake Weber|Drama, Fantasy, Romance|PG-13|1998|178 min|DVD|No|7.2
Memento|&nbsp;|Guy Pearce, Carrie-Anne Moss, Joe Pantoliano, Mark Boone Junior|Mystery, Thriller|R|2000|113 min|DVD|No|8.5
Memphis Belle|&nbsp;|Matthew Modine, Eric Stoltz, Tate Donovan, D.B. Sweeney|Action, Drama, War|PG-13|1990|107 min|DVD|No|6.9
Men in Black 3|&nbsp;|Will Smith, Tommy Lee Jones, Josh Brolin, Jemaine Clement|Action, Adventure, Comedy, Sci-Fi|PG-13|2012|106 min|DVD|No|6.8
Men in Black II|&nbsp;|Tommy Lee Jones, Will Smith, Rip Torn, Lara Flynn Boyle|Action, Adventure, Comedy, Mystery, Sci-Fi|PG-13|2002|88 min|DVD|No|6.1
Miami Vice|&nbsp;|Colin Farrell, Jamie Foxx, Li Gong, Naomie Harris|Action, Crime, Thriller|R|2006|134 min|DVD|No|6.0
Midnight Express|&nbsp;|Brad Davis, Irene Miracle, Bo Hopkins, Paolo Bonacelli|Biography, Crime, Drama, Thriller|R|1978|121 min|DVD|No|7.6
Million Dollar Baby|&nbsp;|Clint Eastwood, Hilary Swank, Morgan Freeman, Jay Baruchel|Drama, Sport|PG-13|2004|132 min|Bluray|Yes|8.1
Million Dollar Baby|&nbsp;|Clint Eastwood, Hilary Swank, Morgan Freeman, Jay Baruchel|Drama, Sport|PG-13|2004|132 min|DVD|No|8.1
Minority Report|&nbsp;|Tom Cruise, Max von Sydow, Steve Harris, Neal McDonough|Action, Crime, Mystery, Sci-Fi, Thriller|PG-13|2002|145 min|DVD|No|7.7
Miranda|1|Miranda Hart, Patricia Hodge, Tom Ellis, Sarah Hadland|Comedy|N/A|2009–2015|30 min|DVD|Yes|8.1
Miranda|2|Miranda Hart, Patricia Hodge, Tom Ellis, Sarah Hadland|Comedy|N/A|2009–2015|30 min|DVD|Yes|8.1
Mission: Impossible|&nbsp;|Tom Cruise, Jon Voight, Emmanuelle Béart, Henry Czerny|Action, Adventure, Thriller|PG-13|1996|110 min|DVD|No|7.1
Mission: Impossible II|&nbsp;|Tom Cruise, Dougray Scott, Thandie Newton, Ving Rhames|Action, Adventure, Thriller|PG-13|2000|123 min|DVD|No|6.1
Monty Python and the Holy Grail|&nbsp;|Graham Chapman, John Cleese, Eric Idle, Terry Gilliam|Adventure, Comedy, Fantasy|PG|1975|91 min|DVD|Yes|8.3
Morgan||Kate Mara, Anya Taylor-Joy, Rose Leslie, Michael Yare|Action, Horror, Sci-Fi, Thriller|R|2016|92 min|DVD|No|5.8
Mortal Engines||Hera Hilmar, Robert Sheehan, Hugo Weaving, Jihae|Action, Adventure, Fantasy, Sci-Fi, Thriller|PG-13|2018|128 min|4K HDR|No|6.1
Mothman Prophecies, The||Richard Gere, David Eigenberg, Bob Tracey, Ron Emanuel|Drama, Horror, Mystery, Thriller|PG-13|2002|119 min|DVD|No|6.5
Mötley Crüe: Carnival of Sins|&nbsp;|Todd A. Fox, Tommy Lee, Mick Mars, Mighty Mike Murga|Documentary, Music|R|2005|210 min|DVD|No|8.2
Mr Benn|1|Ray Brooks|Animation, Family|N/A|1971–2005|15 min|DVD|No|7.7
My Little Eye|&nbsp;|Sean Cw Johnson, Kris Lemche, Stephen O'Reilly, Laura Regan|Horror, Mystery, Thriller|R|2002|95 min|DVD|No|5.6
Mystic River|&nbsp;|Sean Penn, Tim Robbins, Kevin Bacon, Laurence Fishburne|Crime, Drama, Mystery, Thriller|R|2003|138 min|Bluray|Yes|8.0
Napoleon Dynamite|&nbsp;|Jon Heder, Jon Gries, Aaron Ruell, Efren Ramirez|Comedy|PG|2004|96 min|DVD|No|6.9
National Treasure|&nbsp;|Nicolas Cage, Diane Kruger, Justin Bartha, Sean Bean|Action, Adventure, Family, Mystery, Thriller|PG|2004|131 min|DVD|No|6.9
National Treasure: Book of Secrets|&nbsp;|Nicolas Cage, Justin Bartha, Diane Kruger, Jon Voight|Action, Adventure, Family, Mystery, Thriller|PG|2007|124 min|DVD|No|6.5
Nick of Time|&nbsp;|Johnny Depp, Courtney Chase, Charles S. Dutton, Christopher Walken|Action, Crime, Drama, Thriller|R|1995|90 min|DVD|No|6.3
Nightmare Before Christmas, The|&nbsp;|Danny Elfman, Chris Sarandon, Catherine O'Hara, William Hickey|Animation, Family, Fantasy, Musical|PG|1993|76 min|DVD|No|8.0
Ninth Gate, The|&nbsp;|Johnny Depp, Frank Langella, Lena Olin, Emmanuelle Seigner|Mystery, Thriller|R|1999|133 min|DVD|No|6.7
No Country for Old Men|&nbsp;|Tommy Lee Jones, Javier Bardem, Josh Brolin, Woody Harrelson|Crime, Drama, Thriller|R|2007|122 min|DVD|No|8.1
Ocean's Eleven|&nbsp;|George Clooney, Cecelia Ann Birt, Paul L. Nolan, Carol Florence|Crime, Thriller|PG-13|2001|116 min|DVD|No|7.8
Omen IV: The Awakening|&nbsp;|Faye Grant, Michael Woods, Michael Lerner, Madison Mason|Horror, Mystery, Thriller|UNRATED|1991|97 min|DVD|Yes|3.9
Omen, The|&nbsp;|Gregory Peck, Lee Remick, David Warner, Billie Whitelaw|Horror|R|1976|111 min|DVD|Yes|7.6
Omen, The|&nbsp;|Predrag Bjelac, Carlo Sabatini, Bohumil Svarc, Liev Schreiber|Horror|R|2006|110 min|DVD|Yes|5.5
On Her Majesty's Secret Service|&nbsp;|George Lazenby, Diana Rigg, Telly Savalas, Gabriele Ferzetti|Action, Adventure, Thriller|PG|1969|142 min|DVD|No|6.8
Once Upon a Time in Mexico|&nbsp;|Antonio Banderas, Salma Hayek, Johnny Depp, Mickey Rourke|Action, Thriller|R|2003|102 min|DVD|No|6.4
Our Hospitality|&nbsp;|Buster Keaton, Natalie Talmadge, Joe Roberts, Francis X. Bushman Jr.|Comedy, Romance, Thriller|NOT RATED|1923|65 min|DVD|Yes|7.9
Out for Justice|&nbsp;|Steven Seagal, William Forsythe, Jerry Orbach, Jo Champa|Action, Crime, Drama, Thriller|R|1991|91 min|DVD|Yes|6.1
Outlander|&nbsp;|Jim Caviezel, Sophia Myles, Jack Huston, John Hurt|Action, Adventure, Sci-Fi|R|2008|115 min|DVD|No|6.3
Outlaw Josey Wales, The|&nbsp;|Clint Eastwood, Chief Dan George, Sondra Locke, Bill McKinney|Western|PG|1976|135 min|Bluray|Yes|7.9
Pacific Rim||Charlie Hunnam, Diego Klattenhoff, Idris Elba, Rinko Kikuchi|Action, Adventure, Sci-Fi|PG-13|2013|131 min|Bluray|No|6.9
Pale Rider|&nbsp;|Clint Eastwood, Michael Moriarty, Carrie Snodgress, Chris Penn|Western|R|1985|115 min|Bluray|Yes|7.3
Pale Rider|&nbsp;|Clint Eastwood, Michael Moriarty, Carrie Snodgress, Chris Penn|Western|R|1985|115 min|DVD|No|7.3
Papillon|&nbsp;|Steve McQueen, Dustin Hoffman, Victor Jory, Don Gordon|Biography, Crime, Drama|R|1973|151 min|DVD|No|8.0
Patch Adams|&nbsp;|Robin Williams, Daniel London, Monica Potter, Philip Seymour Hoffman|Biography, Comedy, Drama, Romance|PG-13|1998|115 min|DVD|No|6.7
Patriot, The|&nbsp;|Mel Gibson, Heath Ledger, Joely Richardson, Jason Isaacs|Action, Drama, History, War|R|2000|165 min|DVD|No|7.2
Payback|&nbsp;|Mel Gibson, Gregg Henry, Maria Bello, David Paymer|Action, Crime, Drama, Thriller|R|1999|100 min|DVD|No|7.1
Pearl Harbor|&nbsp;|Ben Affleck, Josh Hartnett, Kate Beckinsale, William Lee Scott|Action, Drama, History, Romance, War|PG-13|2001|183 min|DVD|No|6.1
Phantom of the Opera, The|&nbsp;|Gerard Butler, Emmy Rossum, Patrick Wilson, Miranda Richardson|Drama, Musical, Romance, Thriller|PG-13|2004|143 min|DVD|No|7.3
Phone Booth|&nbsp;|Colin Farrell, Kiefer Sutherland, Forest Whitaker, Radha Mitchell|Crime, Thriller|R|2002|81 min|DVD|No|7.1
Pianist, The|&nbsp;|Adrien Brody, Emilia Fox, Michal Zebrowski, Ed Stoppard|Biography, Drama, Music, War|R|2002|150 min|DVD|No|8.5
Pink Floyd: Live at Pompeii||David Gilmour, Nick Mason, Roger Waters, Richard Wright|Documentary, Music|G|1972|92 min|DVD|No|8.7
Pink Panther Strikes Again, The|&nbsp;|Peter Sellers, Herbert Lom, Lesley-Anne Down, Burt Kwouk|Comedy, Crime|PG|1976|103 min|DVD|Yes|7.3
Pink Panther, The|&nbsp;|David Niven, Peter Sellers, Robert Wagner, Capucine|Comedy, Crime, Romance|NOT RATED|1963|115 min|DVD|Yes|7.2
Pirates of the Caribbean: At World's End|&nbsp;|Johnny Depp, Geoffrey Rush, Orlando Bloom, Keira Knightley|Action, Adventure, Fantasy|PG-13|2007|169 min|DVD|Yes|7.1
Pirates of the Caribbean: Dead Man's Chest|&nbsp;|Johnny Depp, Orlando Bloom, Keira Knightley, Jack Davenport|Action, Adventure, Fantasy|PG-13|2006|151 min|DVD|Yes|7.3
Pirates of the Caribbean: The Curse of the Black Pearl|&nbsp;|Johnny Depp, Geoffrey Rush, Orlando Bloom, Keira Knightley|Action, Adventure, Fantasy|PG-13|2003|143 min|DVD|Yes|8.0
Pitch Black|&nbsp;|Vin Diesel, Radha Mitchell, Cole Hauser, Keith David|Horror, Sci-Fi|R|2000|109 min|DVD|No|7.1
Platoon|&nbsp;|Tom Berenger, Keith David, Willem Dafoe, Forest Whitaker|Drama, War|R|1986|120 min|DVD|No|8.1
Plunkett & Macleane|&nbsp;|Jonny Lee Miller, Iain Robertson, Robert Carlyle, Ken Stott|Action, Adventure, Crime, Drama|R|1999|99 min|DVD|No|6.4
Point Break||Patrick Swayze, Keanu Reeves, Gary Busey, Lori Petty|Action, Crime, Thriller|R|1991|122 min|DVD|No|7.2
Postman, The|&nbsp;|Kevin Costner, Will Patton, Larenz Tate, Olivia Williams|Action, Adventure, Drama, Sci-Fi|R|1997|177 min|DVD|No|6.0
Predator|&nbsp;|Arnold Schwarzenegger, Carl Weathers, Elpidia Carrillo, Bill Duke|Action, Adventure, Sci-Fi, Thriller|R|1987|107 min|DVD|Yes|7.8
Predator 2|&nbsp;|Kevin Peter Hall, Danny Glover, Gary Busey, Rubén Blades|Action, Horror, Sci-Fi|R|1990|108 min|DVD|Yes|6.3
Prestige, The|&nbsp;|Hugh Jackman, Christian Bale, Michael Caine, Piper Perabo|Drama, Mystery, Sci-Fi, Thriller|PG-13|2006|130 min|DVD|No|8.5
Priest||Paul Bettany, Karl Urban, Cam Gigandet, Maggie Q|Action, Adventure, Fantasy, Horror, Sci-Fi, Thriller|PG-13|2011|87 min|Bluray 3D|No|5.7
Prime Suspect|1|Helen Mirren, Tom Bell, John Benfield, Jack Ellis|Crime, Drama, Mystery, Thriller|N/A|1991|207 min|DVD|Yes|8.3
Prime Suspect|2|Helen Mirren, Tom Bell, John Benfield, Jack Ellis|Crime, Drama, Mystery, Thriller|N/A|1991|207 min|DVD|Yes|8.3
Prime Suspect|3|Helen Mirren, Tom Bell, John Benfield, Jack Ellis|Crime, Drama, Mystery, Thriller|N/A|1991|207 min|DVD|Yes|8.3
Prime Suspect|4|Helen Mirren, Tom Bell, John Benfield, Jack Ellis|Crime, Drama, Mystery, Thriller|N/A|1991|207 min|DVD|Yes|8.3
Prime Suspect|5|Helen Mirren, Tom Bell, John Benfield, Jack Ellis|Crime, Drama, Mystery, Thriller|N/A|1991|207 min|DVD|Yes|8.3
Prime Suspect 6: The Last Witness|1|Helen Mirren, Liam Cunningham, Oleg Menshikov, Ben Miles|Crime, Drama, Thriller|N/A|2003|195 min|DVD|Yes|8.2
Prime Suspect 7: The Final Act|1|Helen Mirren, Stephen Tompkinson, Laura Greenwood, Eve Best|Crime, Drama, Mystery|N/A|2006|182 min|DVD|Yes|8.4
Prometheus|&nbsp;|Noomi Rapace, Michael Fassbender, Charlize Theron, Idris Elba|Adventure, Mystery, Sci-Fi|R|2012|124 min|DVD|No|7.0
Public Enemies|&nbsp;|Christian Bale, Christian Stolte, Jason Clarke, Johnny Depp|Biography, Crime, Drama, History, Romance|R|2009|140 min|Bluray|No|7.0
Purple Rain|&nbsp;|Prince, Apollonia Kotero, Morris Day, Olga Karlatos|Drama, Music, Musical, Romance|R|1984|111 min|DVD|No|6.5
Pursuit of Happyness, The|&nbsp;|Will Smith, Jaden Smith, Thandie Newton, Brian Howe|Biography, Drama|PG-13|2006|117 min|DVD|No|8.0
Quantum of Solace|&nbsp;|Daniel Craig, Olga Kurylenko, Mathieu Amalric, Judi Dench|Action, Adventure, Thriller|PG-13|2008|106 min|Bluray|No|6.6
Queen Rock Montreal & Live Aid||John Deacon, Brian May, Freddie Mercury, Queen|Music|N/A|2007|138 min|DVD|No|8.6
Raging Bull|&nbsp;|Robert De Niro, Cathy Moriarty, Joe Pesci, Frank Vincent|Biography, Drama, Sport|R|1980|129 min|DVD|No|8.2
Raiders of the Lost Ark|&nbsp;|Harrison Ford, Karen Allen, Paul Freeman, Ronald Lacey|Action, Adventure|PG|1981|115 min|DVD|Yes|8.5
Rain Man|&nbsp;|Dustin Hoffman, Tom Cruise, Valeria Golino, Gerald R. Molen|Drama|R|1988|133 min|DVD|No|8.0
Red Dragon|&nbsp;|Anthony Hopkins, Edward Norton, Ralph Fiennes, Harvey Keitel|Crime, Drama, Thriller|R|2002|124 min|DVD|No|7.2
Reign of Fire|&nbsp;|Christian Bale, Matthew McConaughey, Izabella Scorupco, Gerard Butler|Action, Adventure, Fantasy, Sci-Fi, Thriller|PG-13|2002|101 min|DVD|No|6.2
Reservoir Dogs|&nbsp;|Harvey Keitel, Tim Roth, Michael Madsen, Chris Penn|Crime, Drama, Thriller|R|1992|99 min|DVD|No|8.3
Riddick|&nbsp;|Vin Diesel, Jordi Mollà, Matt Nable, Katee Sackhoff|Action, Sci-Fi, Thriller|R|2013|119 min|DVD|No|6.4
Robin and Marian|&nbsp;|Sean Connery, Audrey Hepburn, Robert Shaw, Richard Harris|Adventure, Drama, Romance|PG|1976|106 min|DVD|No|6.6
Robin Hood|&nbsp;|Russell Crowe, Cate Blanchett, Max von Sydow, William Hurt|Action, Adventure, Drama, History, Romance|PG-13|2010|140 min|DVD|No|6.7
Rock of Ages||Julianne Hough, Dakota Sage Grant, Matthew Rush Sullivan, Diego Boneta|Comedy, Drama, Musical, Romance|PG-13|2012|123 min|Bluray|No|5.9
Roger Hodgson: Take the Long Way Home|&nbsp;|N/A|N/A|N/A|2006|59 min|DVD|No|N/A
Romeo + Juliet||Leonardo DiCaprio, Claire Danes, John Leguizamo, Harold Perrineau|Drama, Romance|PG-13|1996|120 min|DVD|No|6.8
Romy and Michele's High School Reunion|&nbsp;|Mira Sorvino, Lisa Kudrow, Janeane Garofalo, Alan Cumming|Comedy|R|1997|92 min|DVD|No|6.2
Rush|&nbsp;|Chris Hemsworth, Daniel Brühl, Olivia Wilde, Alexandra Maria Lara|Action, Biography, Drama, Sport|R|2013|123 min|DVD|No|8.1
Safe House|&nbsp;|Denzel Washington, Ryan Reynolds, Vera Farmiga, Brendan Gleeson|Action, Adventure, Crime, Thriller|R|2012|115 min|DVD|No|6.8
Santa Claus: The Movie|&nbsp;|Dudley Moore, John Lithgow, David Huddleston, Burgess Meredith|Adventure, Family, Fantasy|PG|1985|107 min|DVD|No|6.1
Save the Last Dance|&nbsp;|Julia Stiles, Sean Patrick Thomas, Kerry Washington, Fredro Starr|Drama, Music, Romance|PG-13|2001|112 min|DVD|No|6.2
Schindler's List|&nbsp;|Liam Neeson, Ben Kingsley, Ralph Fiennes, Caroline Goodall|Biography, Drama, History|R|1993|195 min|DVD|No|8.9
Se7en|&nbsp;|Morgan Freeman, Andrew Kevin Walker, Daniel Zacapa, Brad Pitt|Crime, Drama, Mystery, Thriller|R|1995|127 min|DVD|No|8.6
Secret Window|&nbsp;|Johnny Depp, John Turturro, Maria Bello, Timothy Hutton|Drama, Mystery, Thriller|PG-13|2004|96 min|DVD|No|6.6
Senna||Ayrton Senna, Alain Prost, Frank Williams, Ron Dennis|Documentary, Biography, Sport|PG-13|2010|106 min|Bluray|No|8.6
Serenity|&nbsp;|Nathan Fillion, Gina Torres, Alan Tudyk, Morena Baccarin|Action, Adventure, Sci-Fi, Thriller|PG-13|2005|119 min|DVD|No|7.9
Seven Pounds|&nbsp;|Will Smith, Rosario Dawson, Woody Harrelson, Michael Ealy|Drama, Romance|PG-13|2008|123 min|DVD|No|7.6
Sex and the City|&nbsp;|Sarah Jessica Parker, Kim Cattrall, Kristin Davis, Cynthia Nixon|Comedy, Drama, Romance|R|2008|145 min|DVD|No|5.6
Shallow Grave|&nbsp;|Kerry Fox, Christopher Eccleston, Ewan McGregor, Ken Stott|Crime, Thriller|R|1994|89 min|DVD|No|7.3
Shaun of the Dead|&nbsp;|Simon Pegg, Kate Ashfield, Nick Frost, Lucy Davis|Comedy, Horror|R|2004|99 min|DVD|No|7.9
Shawshank Redemption, The|&nbsp;|Tim Robbins, Morgan Freeman, Bob Gunton, William Sadler|Drama|R|1994|142 min|DVD|No|9.3
Sherlock Holmes|&nbsp;|Robert Downey Jr., Jude Law, Rachel McAdams, Mark Strong|Action, Adventure, Crime, Mystery, Thriller|PG-13|2009|128 min|Bluray|No|7.6
Sherlock Jr.|&nbsp;|Buster Keaton, Kathryn McGuire, Joe Keaton, Erwin Connelly|Action, Comedy, Romance|NOT RATED|1924|45 min|DVD|Yes|8.2
Shooter|&nbsp;|Mark Wahlberg, Michael Peña, Danny Glover, Kate Mara|Action, Crime, Drama, Mystery, Thriller|R|2007|124 min|DVD|No|7.2
Signs|&nbsp;|Mel Gibson, Joaquin Phoenix, Rory Culkin, Abigail Breslin|Drama, Mystery, Sci-Fi, Thriller|PG-13|2002|106 min|Bluray|No|6.7
Silence of the Lambs, The|&nbsp;|Jodie Foster, Lawrence A. Bonney, Kasi Lemmons, Lawrence T. Wrentz|Crime, Drama, Thriller|R|1991|118 min|DVD|No|8.6
Sin City|&nbsp;|Jessica Alba, Devon Aoki, Alexis Bledel, Powers Boothe|Crime, Thriller|R|2005|124 min|DVD|No|8.0
Sixth Sense, The|&nbsp;|Bruce Willis, Haley Joel Osment, Toni Collette, Olivia Williams|Drama, Mystery, Thriller|PG-13|1999|107 min|Bluray|No|8.1
Sky Captain and the World of Tomorrow||Gwyneth Paltrow, Jude Law, Giovanni Ribisi, Michael Gambon|Action, Adventure, Mystery, Sci-Fi, Thriller|PG|2004|106 min|DVD|Yes|6.1
Skyfall|&nbsp;|Daniel Craig, Judi Dench, Javier Bardem, Ralph Fiennes|Action, Adventure, Thriller|PG-13|2012|143 min|Bluray|No|7.8
Sleepy Hollow|&nbsp;|Johnny Depp, Christina Ricci, Miranda Richardson, Michael Gambon|Fantasy, Horror, Mystery|R|1999|105 min|DVD|No|7.4
Snatch|&nbsp;|Benicio Del Toro, Dennis Farina, Vinnie Jones, Brad Pitt|Comedy, Crime|R|2000|102 min|DVD|No|8.3
Snow Dogs|&nbsp;|Cuba Gooding Jr., James Coburn, Sisqó, Nichelle Nichols|Adventure, Comedy, Family, Sport|PG|2002|99 min|DVD|No|5.1
Sons of Anarchy|1|Charlie Hunnam, Katey Sagal, Mark Boone Junior, Kim Coates|Crime, Drama, Thriller|TV-MA|2008–2014|45 min|DVD|Yes|8.6
Sons of Anarchy|2|Charlie Hunnam, Katey Sagal, Mark Boone Junior, Kim Coates|Crime, Drama, Thriller|TV-MA|2008–2014|45 min|DVD|Yes|8.6
Sons of Anarchy|3|Charlie Hunnam, Katey Sagal, Mark Boone Junior, Kim Coates|Crime, Drama, Thriller|TV-MA|2008–2014|45 min|DVD|Yes|8.6
Sons of Anarchy|4|Charlie Hunnam, Katey Sagal, Mark Boone Junior, Kim Coates|Crime, Drama, Thriller|TV-MA|2008–2014|45 min|DVD|Yes|8.6
Sons of Anarchy|5|Charlie Hunnam, Katey Sagal, Mark Boone Junior, Kim Coates|Crime, Drama, Thriller|TV-MA|2008–2014|45 min|DVD|Yes|8.6
Sons of Anarchy|6|Charlie Hunnam, Katey Sagal, Mark Boone Junior, Kim Coates|Crime, Drama, Thriller|TV-MA|2008–2014|45 min|DVD|Yes|8.6
Sons of Anarchy|7|Charlie Hunnam, Katey Sagal, Mark Boone Junior, Kim Coates|Crime, Drama, Thriller|TV-MA|2008–2014|45 min|DVD|Yes|8.6
Space Cowboys|&nbsp;|Clint Eastwood, Tommy Lee Jones, Donald Sutherland, James Garner|Action, Adventure, Thriller|PG-13|2000|130 min|Bluray|Yes|6.4
Spectre|&nbsp;|Daniel Craig, Christoph Waltz, Léa Seydoux, Ralph Fiennes|Action, Adventure, Thriller|PG-13|2015|148 min|Bluray|No|6.8
Split|&nbsp;|James McAvoy, Anya Taylor-Joy, Betty Buckley, Haley Lu Richardson|Horror, Thriller|PG-13|2016|117 min|Bluray|No|7.3
Star Wars: The Force Awakens|&nbsp;|Harrison Ford, Mark Hamill, Carrie Fisher, Adam Driver|Action, Adventure, Fantasy, Sci-Fi|PG-13|2015|136 min|DVD|No|8.0
Starship Troopers|&nbsp;|Casper Van Dien, Dina Meyer, Denise Richards, Jake Busey|Action, Adventure, Sci-Fi, Thriller|R|1997|129 min|DVD|No|7.2
Starsky & Hutch|&nbsp;|Ben Stiller, Owen Wilson, Snoop Dogg, Fred Williamson|Comedy, Crime|PG-13|2004|101 min|DVD|No|6.1
Stigmata|&nbsp;|Patricia Arquette, Gabriel Byrne, Jonathan Pryce, Nia Long|Horror|R|1999|103 min|DVD|No|6.2
Sudden Impact|&nbsp;|Clint Eastwood, Sondra Locke, Pat Hingle, Bradford Dillman|Action, Crime, Thriller|R|1983|117 min|DVD|Yes|6.6
Suicide Squad|&nbsp;|Will Smith, Jaime FitzSimons, Ike Barinholtz, Margot Robbie|Action, Adventure, Fantasy, Sci-Fi|PG-13|2016|123 min|Bluray|No|6.1
Super Size Me|&nbsp;|Chemeeka Walker, Dania Abu-Rmaileh, Amanda Kearsan, Christian Baucher|Documentary, Comedy, Drama|PG|2004|100 min|DVD|No|7.2
Swordfish|&nbsp;|John Travolta, Hugh Jackman, Halle Berry, Don Cheadle|Action, Crime, Thriller|R|2001|99 min|DVD|No|6.5
Taking of Pelham 123, The|&nbsp;|Denzel Washington, John Travolta, Luis Guzmán, Victor Gojcaj|Action, Crime, Thriller|R|2009|106 min|Bluray|No|6.4
Tank Girl|&nbsp;|Lori Petty, Ice-T, Naomi Watts, Don Harvey|Action, Comedy, Sci-Fi|R|1995|104 min|DVD|No|5.3
Taxi Driver|&nbsp;|Diahnne Abbott, Frank Adu, Victor Argo, Gino Ardito|Crime, Drama|R|1976|114 min|DVD|No|8.3
Tenacious D in The Pick of Destiny|&nbsp;|Jack Black, Kyle Gass, JR Reed, Ronnie James Dio|Adventure, Comedy, Musical|R|2006|93 min|DVD|No|6.8
Terminator 2: Judgment Day|&nbsp;|Arnold Schwarzenegger, Linda Hamilton, Edward Furlong, Robert Patrick|Action, Sci-Fi|R|1991|137 min|DVD|Yes|8.5
Terminator 3: Rise of the Machines|&nbsp;|Arnold Schwarzenegger, Nick Stahl, Claire Danes, Kristanna Loken|Action, Sci-Fi|R|2003|109 min|DVD|Yes|6.3
Terminator Genisys|&nbsp;|Arnold Schwarzenegger, Jason Clarke, Emilia Clarke, Jai Courtney|Action, Adventure, Sci-Fi|PG-13|2015|126 min|DVD|No|6.4
Terminator Salvation|&nbsp;|Christian Bale, Sam Worthington, Moon Bloodgood, Helena Bonham Carter|Action, Adventure, Sci-Fi|PG-13|2009|115 min|DVD|Yes|6.6
Terminator, The|&nbsp;|Arnold Schwarzenegger, Michael Biehn, Linda Hamilton, Paul Winfield|Action, Sci-Fi|R|1984|107 min|DVD|Yes|8.0
The Hurt Locker||Jeremy Renner, Anthony Mackie, Brian Geraghty, Guy Pearce|Drama, Thriller, War|R|2008|131 min|Bluray|No|7.6
This Is It||Michael Jackson, Alex Al, Alexandra Apjarova, Nick Bass|Documentary, Music|PG|2009|111 min|Bluray|No|7.3
Thomas Crown Affair, The|&nbsp;|Pierce Brosnan, Rene Russo, Denis Leary, Ben Gazzara|Crime, Romance, Thriller|R|1999|113 min|DVD|No|6.8
Three Kings|&nbsp;|George Clooney, Mark Wahlberg, Ice Cube, Spike Jonze|Action, Adventure, Comedy, Drama, War|R|1999|114 min|DVD|No|7.1
Throw Momma from the Train|&nbsp;|Danny DeVito, Billy Crystal, Kim Greist, Anne Ramsey|Comedy, Crime, Thriller|PG-13|1987|88 min|DVD|No|6.2
Thunderball|&nbsp;|Sean Connery, Claudine Auger, Adolfo Celi, Luciana Paluzzi|Action, Adventure, Thriller|PG|1965|130 min|Bluray|Yes|7.0
Time Bandits|&nbsp;|John Cleese, Sean Connery, Shelley Duvall, Katherine Helmond|Adventure, Comedy, Fantasy, Sci-Fi|PG|1981|110 min|DVD|No|7.0
Titanic|&nbsp;|Leonardo DiCaprio, Kate Winslet, Billy Zane, Kathy Bates|Drama, Romance|PG-13|1997|194 min|DVD|No|7.8
To Kill a Mockingbird|&nbsp;|Gregory Peck, John Megna, Frank Overton, Rosemary Murphy|Crime, Drama|NOT RATED|1962|129 min|DVD|No|8.3
Tomb Raider|&nbsp;|Alicia Vikander, Dominic West, Walton Goggins, Daniel Wu|Action, Adventure, Fantasy, Thriller|PG-13|2018|119 min|DVD|No|6.3
Top Gun|&nbsp;|Tom Cruise, Kelly McGillis, Val Kilmer, Anthony Edwards|Action, Drama|PG|1986|110 min|DVD|No|6.9
Tourist, The||Johnny Depp, Angelina Jolie, Paul Bettany, Timothy Dalton|Action, Adventure, Thriller|PG-13|2010|103 min|Bluray|No|6.0
Trail of the Pink Panther|&nbsp;|Peter Sellers, David Niven, Herbert Lom, Richard Mulligan|Comedy, Crime, Mystery|PG|1982|96 min|DVD|Yes|4.9
Training Day|&nbsp;|Denzel Washington, Ethan Hawke, Scott Glenn, Tom Berenger|Crime, Drama, Thriller|R|2001|122 min|DVD|No|7.7
Transcendence||Johnny Depp, Rebecca Hall, Paul Bettany, Cillian Murphy|Action, Drama, Sci-Fi, Thriller|PG-13|2014|119 min|DVD|No|6.3
Transformers|&nbsp;|Shia LaBeouf, Megan Fox, Josh Duhamel, Tyrese Gibson|Action, Adventure, Sci-Fi|PG-13|2007|144 min|DVD|No|7.1
Transformers: Revenge of the Fallen|&nbsp;|Shia LaBeouf, Megan Fox, Josh Duhamel, Tyrese Gibson|Action, Adventure, Sci-Fi|PG-13|2009|150 min|DVD|No|6.0
Trouble with the Curve|&nbsp;|Clint Eastwood, Chelcie Ross, Raymond Anthony Thomas, Ed Lauter|Drama, Sport|PG-13|2012|111 min|Bluray|Yes|6.8
Troy|&nbsp;|Julian Glover, Brian Cox, Nathan Jones, Adoni Maropis|Drama, History, Romance|R|2004|163 min|DVD|No|7.2
True Blood|1|Anna Paquin, Stephen Moyer, Sam Trammell, Ryan Kwanten|Drama, Fantasy, Mystery, Romance, Thriller|TV-MA|2008–2014|55 min|DVD|Yes|7.9
True Blood|2|Anna Paquin, Stephen Moyer, Sam Trammell, Ryan Kwanten|Drama, Fantasy, Mystery, Romance, Thriller|TV-MA|2008–2014|55 min|DVD|Yes|7.9
True Blood|3|Anna Paquin, Stephen Moyer, Sam Trammell, Ryan Kwanten|Drama, Fantasy, Mystery, Romance, Thriller|TV-MA|2008–2014|55 min|DVD|Yes|7.9
True Blood|4|Anna Paquin, Stephen Moyer, Sam Trammell, Ryan Kwanten|Drama, Fantasy, Mystery, Romance, Thriller|TV-MA|2008–2014|55 min|DVD|Yes|7.9
True Blood|5|Anna Paquin, Stephen Moyer, Sam Trammell, Ryan Kwanten|Drama, Fantasy, Mystery, Romance, Thriller|TV-MA|2008–2014|55 min|DVD|Yes|7.9
True Grit|&nbsp;|John Wayne, Glen Campbell, Kim Darby, Jeremy Slate|Adventure, Drama, Western|G|1969|128 min|DVD|No|7.4
True Romance||Christian Slater, Patricia Arquette, Dennis Hopper, Val Kilmer|Crime, Drama, Romance, Thriller|R|1993|119 min|DVD|No|7.9
Tsotsi|&nbsp;|Presley Chweneyagae, Terry Pheto, Kenneth Nkosi, Mothusi Magano|Crime, Drama|R|2005|94 min|DVD|No|7.3
Twelve Monkeys|&nbsp;|Joseph Melito, Bruce Willis, Jon Seda, Michael Chance|Mystery, Sci-Fi, Thriller|R|1995|129 min|DVD|No|8.0
U-571|&nbsp;|Matthew McConaughey, Bill Paxton, Harvey Keitel, Jon Bon Jovi|Action, War|PG-13|2000|116 min|DVD|No|6.6
Ultraviolet|&nbsp;|Milla Jovovich, Cameron Bright, Nick Chinlund, Sebastien Andrieu|Action, Sci-Fi, Thriller|PG-13|2006|88 min|DVD|No|4.4
Unbreakable|&nbsp;|Bruce Willis, Samuel L. Jackson, Robin Wright, Spencer Treat Clark|Drama, Mystery, Sci-Fi, Thriller|PG-13|2000|106 min|Bluray|No|7.3
Unforgiven|&nbsp;|Clint Eastwood, Gene Hackman, Morgan Freeman, Richard Harris|Drama, Western|R|1992|130 min|Bluray|Yes|8.2
Unknown|&nbsp;|Liam Neeson, Diane Kruger, January Jones, Aidan Quinn|Action, Mystery, Thriller|PG-13|2011|113 min|DVD|No|6.9
Untouchables, The|&nbsp;|Kevin Costner, Sean Connery, Charles Martin Smith, Andy Garcia|Crime, Drama, Thriller|R|1987|119 min|DVD|No|7.9
Up in the Air|&nbsp;|George Clooney, Vera Farmiga, Anna Kendrick, Jason Bateman|Drama, Romance|R|2009|109 min|DVD|No|7.4
Utopia|&nbsp;|Stan Laurel, Oliver Hardy, Suzy Delair, Max Elloy|Comedy|N/A|1951|82 min|DVD|Yes|5.6
V for Vendetta||Natalie Portman, Hugo Weaving, Stephen Rea, Stephen Fry|Action, Drama, Sci-Fi, Thriller|R|2005|132 min|DVD|No|8.2
Van Helsing|&nbsp;|Hugh Jackman, Kate Beckinsale, Richard Roxburgh, David Wenham|Action, Adventure, Fantasy|PG-13|2004|131 min|DVD|No|6.1
Village, The|&nbsp;|Bryce Dallas Howard, Joaquin Phoenix, Adrien Brody, William Hurt|Drama, Mystery, Thriller|PG-13|2004|108 min|DVD|No|6.5
Walk the Line|&nbsp;|Joaquin Phoenix, Reese Witherspoon, Ginnifer Goodwin, Robert Patrick|Biography, Drama, Music, Romance|PG-13|2005|136 min|DVD|No|7.9
War of the Worlds|&nbsp;|Tom Cruise, Dakota Fanning, Miranda Otto, Justin Chatwin|Adventure, Sci-Fi, Thriller|PG-13|2005|116 min|DVD|No|6.5
Wayne's World|&nbsp;|Mike Myers, Dana Carvey, Rob Lowe, Tia Carrere|Comedy, Music|PG-13|1992|94 min|DVD|No|7.0
Wayne's World 2|&nbsp;|Mike Myers, Dana Carvey, Christopher Walken, Tia Carrere|Comedy, Music|PG-13|1993|95 min|DVD|No|6.2
We Were Soldiers|&nbsp;|Mel Gibson, Madeleine Stowe, Greg Kinnear, Sam Elliott|Action, Drama, History, War|R|2002|138 min|DVD|No|7.2
Westworld|&nbsp;|Yul Brynner, Richard Benjamin, James Brolin, Norman Bartold|Action, Sci-Fi, Thriller, Western|PG|1973|88 min|DVD|No|7.0
What's Eating Gilbert Grape|&nbsp;|Johnny Depp, Leonardo DiCaprio, Juliette Lewis, Mary Steenburgen|Drama|PG-13|1993|118 min|DVD|No|7.8
What's Love Got to Do with It||RaéVen Kelly, Virginia Capers, Dororthy Thorton, Demetrice Cheathon|Biography, Drama, Music|R|1993|118 min|DVD|No|7.3
What Lies Beneath|&nbsp;|Michelle Pfeiffer, Katharine Towne, Miranda Otto, James Remar|Drama, Fantasy, Horror, Mystery, Thriller|PG-13|2000|130 min|DVD|No|6.6
Where Eagles Dare|&nbsp;|Richard Burton, Clint Eastwood, Mary Ure, Patrick Wymark|Action, Adventure, War|PG|1968|158 min|Bluray|Yes|7.7
Windtalkers|&nbsp;|Nicolas Cage, Adam Beach, Peter Stormare, Noah Emmerich|Action, Drama, War|R|2002|134 min|DVD|No|6.0
World Is Not Enough, The|&nbsp;|Pierce Brosnan, Sophie Marceau, Robert Carlyle, Denise Richards|Action, Adventure, Thriller|PG-13|1999|128 min|DVD|No|6.4
X-Men|&nbsp;|Hugh Jackman, Patrick Stewart, Ian McKellen, Famke Janssen|Action, Adventure, Sci-Fi|PG-13|2000|104 min|DVD|No|7.4
X-Men 2|&nbsp;|Patrick Stewart, Hugh Jackman, Ian McKellen, Halle Berry|Action, Adventure, Sci-Fi, Thriller|PG-13|2003|134 min|DVD|No|7.5
X-Men: The Last Stand|&nbsp;|Hugh Jackman, Halle Berry, Ian McKellen, Patrick Stewart|Action, Adventure, Sci-Fi, Thriller|PG-13|2006|104 min|DVD|No|6.7
Yentl|&nbsp;|Barbra Streisand, Mandy Patinkin, Amy Irving, Nehemiah Persoff|Drama, Musical, Romance|PG|1983|133 min|DVD|No|6.6
Zulu|&nbsp;|Stanley Baker, Jack Hawkins, Ulla Jacobsson, James Booth|Drama, History, War|NOT RATED|1964|138 min|DVD|No|7.8
